id,first,last,gpa,age
3a7c5b51-9910-4f07-a287-0bb28885b51e,Jerrilyn,Eley,1.77,49
1a7bef60-d552-4eba-b798-8bb911fb8f8b,Albertina,Gozard,2.7,37
6c69dbd4-dc34-48fe-aec0-a4e0144a2258,Wiatt,De Rechter,1.42,49
0877ec42-dc10-445a-82b0-cfa574d35778,Clarey,Stockdale,3.34,35
c0c2e75b-50db-4757-9e8c-ee8c2dfe695a,Kathi,Di Lucia,3.63,29
1b470240-345b-4832-9b09-17574fd5545f,Mercie,Dominelli,1.23,35
affcfa35-1c24-45a3-9f7f-e1b8232a8e5b,Kailey,Shaplin,2.5,51
7e5183ec-23d9-4aa2-aef9-f1cb5ed7eed1,Dianne,Pressland,1.76,35
7ae9821f-00f0-47b8-9471-f5bdca4c2814,Kenneth,Odgers,1.33,27
4b36b480-d266-41ff-b4df-db3f65bd6a49,Tiphany,Kenwood,1.79,37
442e4482-7f09-43ab-83f1-b25e829af9dd,Stephanus,Folkerd,2.67,54
57fc5959-6e98-42e2-a3cf-4129666b909e,Saree,Torregiani,2.24,59
75e73d5e-aee1-4261-8517-69509d20118a,Alonzo,Ackery,3.74,37
c7680dc2-1680-4e47-9197-86905a817b7c,Almeda,Beurich,2.23,65
9636b96f-9078-445f-a6ff-8482f50ec716,Lorene,Norwood,2.9,27
c7f93f32-a204-4025-9052-1a3a5f5db18b,Elsworth,Reynoollds,2.27,52
3c5e3440-e5db-4c57-b13a-b51ada23c134,Clare,Lansdowne,1.2,64
b8098535-bc97-4644-b317-58d39be3b40f,Roderigo,Shambrooke,2.37,35
03d1f7f4-131e-4ba4-8def-cca013688bc4,Dorine,Leaton,1.43,63
1ba8c341-203c-4a91-830b-123153f9f3ab,Calypso,Ribbens,1.75,47
36d44773-3db9-40b0-91a6-f9f5906068b1,Elga,Berthel,1.81,29
92f672e0-8ba9-48a8-a683-584910dd83eb,Gaylene,Hassall,3.9,21
4f1ad890-ad21-41a4-b6ca-70bc76fb09d6,Elana,Heaton,1.09,57
1f78e9fb-2664-46d7-92a5-a8e566556460,Edithe,Aspital,3.36,30
dde575e6-04e1-4ac4-894e-ee9d345d7c92,Lib,Quickfall,1.87,63
88a2d38a-f079-424c-aa01-4597aa1065a1,Rex,Spurryer,2.91,61
40d2321b-5343-4ff9-a806-eeb978a7dafb,Hope,Walas,2.05,52
f96aa65b-b35a-490e-8fe3-a43ede377d48,Markos,Le Brum,1.92,34
996bc86f-a279-4e89-b315-3298a13527a1,Beth,Hebditch,3.99,48
7df5cf7d-5bb4-462f-8bf5-bfcdbd692c40,Christan,Haller,1.19,61
792c2828-f664-4c2c-b6dc-b3a1535a9b4f,Roderic,Levison,3.68,48
0af25a5a-0ca3-44bf-97de-fd7d35e87bff,Patrizia,Gommery,2.19,31
6ea74ed1-2d1a-4770-ba16-7e26942760c9,Ninon,Runham,1.97,61
8c61319d-448c-469c-9ee5-3337c336bbe9,Viviana,Denisard,2.27,52
3eca2ee5-0157-49a9-a946-78225d18a660,Bernete,Fantonetti,3.77,35
dcc8012e-291a-48e9-8fb7-42ed1b8e215c,Teri,Tweedell,2.89,62
6b374f58-7fe0-4574-a859-6d7a76e322ca,Cordell,Simonetti,3.75,45
9367e780-f372-4872-8e7d-fc990852b0ab,Blanca,Jenson,2.82,50
d7e51fb4-e577-4976-ac72-b1cc78211eee,Alissa,Steptow,1.9,49
c17a8c6c-6f46-476c-94b2-558c85e72dce,Adams,Fronek,1.96,46
a7ad258c-b232-482d-92cb-8c80a78c59cf,Rube,Corneille,2.55,42
83baf352-4717-41fd-8e4c-c5df326893c3,Viole,Stockney,3.73,33
a8704873-5e05-4c8b-8eb8-62714eb4dd43,Elwira,Speer,1.45,52
7ac598da-95f4-4396-92a1-157c85789f55,Meredithe,Lamey,3.13,62
de0bf749-7d7d-4d4d-b4b9-16aa3dd4561e,Walsh,Grimsell,2.68,48
197d9f6b-ec11-4547-8593-7fc8a5ce96e1,Desmund,Speke,3.43,52
3584115e-624d-46ce-8e33-9443a0dec97f,Clemens,Growcock,1.26,36
ef55719b-1dae-4a57-8090-0b9f57c523fd,Chaunce,Tindle,1.46,50
cd28ac67-32e2-48a3-8e8f-4492c5d2ea69,Elwyn,Flieger,2.35,62
4c7e26d3-f8ee-4af7-a449-f41dd212e2d1,Anthe,Grzegorzewski,3.64,23
0e4a135d-94d8-4c44-942d-757a897df0b7,Dulcie,Nealon,2.06,40
31321894-c723-4e86-b002-350dac253bbe,Sharron,Bourgourd,3.95,51
9ebeafe2-db1a-45cf-b6d5-197578a2cfec,Doloritas,Carress,1.19,63
8ced224a-f2e2-48e4-8a43-0711ca5181b0,Shurwood,Borgnet,2.81,64
e315ad93-e3f2-4739-99f4-da1c6609e3ec,Janette,Keetley,2.76,19
3e85bb9d-a948-4872-a6f9-043bfd794e40,Webb,Matessian,2.28,47
0801667f-3b25-4638-982b-65bb97408ce7,Mordecai,Ruffle,3.1,30
dd9881cf-f6a2-48a8-8e2f-6d9e3b9b593d,Court,Rubinovici,1.31,51
ff53ef56-2dc2-4a82-a199-e8a9d37befd3,Carena,Dislee,2.46,30
323a9342-6db1-4fce-9cb4-d72b19503d05,Claudian,Hurrell,3.05,19
efc4c286-2529-4126-9fb3-d7fbca12ab15,Derrick,Purveys,2.97,59
7af062e6-aa53-4307-87b1-1c61fd481473,Eadith,Hardway,1.86,20
c0cdf70b-8464-4196-b150-11ee02103784,Burtie,Jeanesson,2.96,37
1318e36a-6e8c-472d-9217-ece35460a86d,Chadwick,Mayler,2.84,36
40179d5d-58cb-4a8b-b245-a3d94f4eb849,Cherianne,Dael,2.11,57
81cd1748-09ee-4155-a5cf-f474a128f7e7,Dar,Whittick,1.77,51
f54c5303-cb9a-4df2-a489-70abee4d8b09,Crysta,Hallaways,2.21,20
cff35ea6-bc03-40b3-9abc-c72176cff37b,Layton,Coburn,3.15,56
ff25b5a4-fac6-45a4-ba19-8e729d7c60c4,Brad,Dobrowolny,3.16,23
1b7d235f-40ad-4224-b5d1-88ce7622bb7d,Marena,Lober,1.01,47
4cf477a0-ceaf-4ee9-a86e-80d811b792c4,Mirella,Featenby,1.12,59
83a32302-77b5-4d4a-8f80-493c7a79c278,Woodie,Aizikovitch,1.86,25
85e438ad-8c98-4506-b060-b9a7a8c6f7ec,Glennis,Salling,1.53,38
1e21c174-52f1-4c9d-abb3-83c56a99c532,Babara,Cookman,1.39,57
ce08bf18-d9f4-41fe-802a-33d03a5efb05,Merola,Langford,2.16,59
82ffdd76-da43-4e27-bc76-ddb3a1155e07,Sigismund,Cunningham,2.15,64
bb54fcc8-7e18-4e3e-815e-5de795caa9ed,Garth,Feeny,3.59,46
f074c475-e654-480c-9e30-2d2ea60577d4,Conny,Dadley,3.14,26
46a842f4-53d8-458a-8420-b97f89a16c69,Sascha,de Voiels,1.78,53
ae280661-d1bd-4644-b06b-ddbaf9e04354,Eziechiele,Joselevitz,1.43,30
d5504930-1b70-4e0e-9372-116ce91ce10c,Sumner,Antonias,1.15,64
e721a556-0892-4268-946e-a914ce3f7086,Sloan,Daverin,3.71,20
00bd160b-641d-473e-ab37-00558dd7b085,Kerr,Desaur,1.43,28
228b19c3-c314-41d7-81f1-49505e0f4974,Berkeley,Buckby,3.88,60
1db97e68-6161-42ef-a3e9-a4c95ddfa64f,Antoni,Shurmer,2.58,41
0f2e7e66-c928-448e-a3ae-5707de1d9f0b,Almeta,Babe,2.73,46
c7ec309e-1090-4bc0-b916-9b5d6ef8e046,Kele,Karpushkin,3.58,58
6faee1ac-c239-4141-ac11-7cd7259c0f33,Ignaz,Buxsey,3.73,26
8603b185-0991-4150-9247-c842aa2b3aa7,Dominique,Ziems,1.06,28
134f51e4-63c9-4dab-8fa6-01400a2604a2,Jehu,Kislingbury,2.6,48
6702b859-387f-46b0-8c52-2feb186ba8ce,Nanette,Crinson,2.57,43
ca8f442e-8236-4a2a-afc2-776288ba6ea6,Mira,McDougald,1.58,65
fad615d2-b015-48ab-b83c-988030672d2e,Ronnie,Fortey,1.62,28
6da2da06-0ad0-4408-bd4f-26e10048cdde,Wynny,Chuter,3.87,45
2c1365c2-d5a2-4d2b-a125-2a82dfa035c4,Jackelyn,Roblin,3.99,33
9396d743-bd77-4f6e-8dc9-2d25e76c7eb4,Lyn,Lilly,1.59,43
b149976d-a5d0-4094-b49f-c41c035aa6fc,Merrily,Camelin,2.76,64
07636d10-5464-42cd-94b4-3b2247ba3c23,Corabelle,Blezard,3.39,28
a9458be4-19dd-4579-be2a-17247f86b771,Tiertza,Sach,1.8,32
cd60b573-b4f4-4d8c-909d-cfd3c49878d0,Happy,Thaim,1.97,58
d34fa04a-5cf0-43b9-a56a-afacc14165fa,Levi,De Mattei,1.86,41
5332b42e-37b0-4aaa-81c1-b9d9e1f0d508,Augy,Clunie,3.54,62
7c542a1a-8ac2-4e78-a312-27ad0d7c717e,Elnar,Wycliffe,1.55,65
d5e5a7df-9046-4686-a067-fea3216e4a59,Rutherford,Jankovic,1.87,61
00b26b50-7d83-4a63-ab5c-980014a40679,Henrieta,Olphert,2.58,41
41b71589-93c3-44da-8ce1-82e0c431bde1,Henderson,Ninnotti,2.7,21
25c2baff-4058-477c-b5d1-98a64fb8a3dd,Pennie,Kees,1.32,36
08a343d1-8445-471f-8c36-0c72b2d5ca98,Carline,Sweett,1.07,23
0bf22e3a-33dc-4737-8ba2-2bc51891cf54,Corty,Paireman,2.7,29
8e80dfca-02da-4213-92b1-f9c8c397e3bf,Hatty,Nimmo,3.82,65
d7b16026-2d1a-4a11-ab6a-ba603cf86b7f,Ivory,Sprigin,1.06,52
eeaf96c9-7653-41d0-8439-df1c0b0d62c8,Brendin,Chastanet,3.09,41
2b863425-06c6-4879-80ac-d91542d3c7f2,Bertrand,Way,3.41,18
37d6064c-3227-4678-b370-06b7162196c9,Joelynn,Bromidge,1.91,55
f0c4c4cd-a618-4c81-934d-dfefb1fd3981,Dilan,Portch,2.43,29
92f78779-f96e-4fc7-bf74-e9557bbdefcc,Corene,Caddock,1.7,37
68c741a6-d3a0-45c8-a571-2a47d9dd218b,Christos,Houston,3.36,28
86f6f8c2-dadd-4b90-83af-7e85cdda0017,Emory,Reinbach,2.28,29
bf9eb622-cd78-4c56-b469-8ed2a39610ee,Elsinore,Fruen,2.7,56
77f5f622-ab0c-474b-ab5c-683d6c122a39,Flossie,Sulland,2.48,20
e5f5bd8e-3d13-4188-84ca-93b121eb0159,Shurlocke,Philson,3.16,26
a8fff950-f2c2-4dd2-92d4-b772f07c651e,Audrey,Baldick,3.96,20
771109a9-10a0-426d-8d32-9226dc28f0e0,Karoly,MacElholm,1.89,64
a89d04c8-d40e-42e4-a191-82ea39d15259,Kathryn,Winslett,1.12,27
d57f81d0-381b-4c16-bd84-34f36ee516d5,Cesare,Whitcombe,3.45,22
a40191d2-fba8-4c1a-888b-86974c95cd97,Elsinore,Hambatch,3.58,47
3d4e944f-17b4-45c3-9ab4-a23c8284f9cd,Erasmus,Labba,2.74,56
4d71c42f-d3ec-4791-9c15-117ca3f63d44,Caty,Ollin,3.12,33
345a34c3-b58d-421f-9422-f97d3f5247eb,Talbot,Lishmund,1.7,50
f9143613-d380-4978-8d05-fe8e59e013a9,Morris,Hartly,1.45,65
8335a3f6-4e75-41dd-847e-e9db205245b7,Morena,Blandford,2.06,25
c24b7fb7-c633-4a77-9bbb-54e865995290,Cristin,Cholonin,3.4,33
0d53a2f4-5c5b-475a-9129-5ba6df2b8ec9,Corabella,Shouler,3.45,24
483195dd-3f02-46b6-8fd5-d58fc2e69695,Woody,Noury,1.97,29
7b69b3f9-53c6-4837-ac53-004ce6ecd8d4,Chrisy,Madre,2.02,42
e9a925d7-26bb-45e6-965d-b68e037a67f8,Willi,Grosier,2.1,56
57e8e7a5-8025-404b-a9aa-3c8b526615c0,Laina,Bateson,1.37,24
cdb38637-cc38-42f2-b849-df28e387ec14,Zacharie,Hopkynson,2.27,56
6141fde4-85e9-404e-a962-8d703f9f9d57,Chelsy,Alywen,2.17,21
d4a0ccdc-629c-469e-be69-390e204c39f5,Zia,Waleworke,1.4,40
e4cb7a89-cbb2-45df-b3e8-60eacf736891,Romy,Fry,3.26,58
fec7a624-b1ef-4b5b-96c8-62f1e0fdac79,North,Twigge,2.86,40
01affff4-7950-49b7-bd89-dae477dffd17,Roana,De Benedetti,3.1,18
150d4b3c-9ecb-4466-a01c-c6320f9f965a,Cherie,Frackiewicz,2.52,52
8fe6f4be-5ea4-4d73-8a8f-bad6a00b9465,Ericka,Babbidge,1.46,18
0becf3f8-a925-4d5a-ba75-71f5426176cb,Brooke,Inchbald,3.27,53
50e7835c-e753-43ca-ade7-eb58601262b4,Melony,Cescoti,3.32,39
e4ff2818-337d-4edf-a344-3a8a968c9b81,Sterne,Sylvaine,3.05,42
9b33dae5-2eff-4b9a-88c6-579b95ee946b,Sherilyn,Loughnan,1.72,48
42bd3546-80b8-4255-97a5-864dbfc02fd4,Jacobo,Woodus,3.34,40
f52c8dc6-e0e2-4d6f-b03f-72d688747d53,Arnold,Rigmond,2.24,49
29fbbc5d-2a7b-4ad7-9d4c-c1d7a98e238f,Brigitte,Chomiszewski,2.16,36
e02f4b2f-6f34-4a8b-b25f-41e611695482,Derrek,Kassel,3.78,56
60aece4a-48c6-4f9c-a1a5-1c4178fc785f,Sukey,Sher,2.28,60
18b40bb8-2197-4f54-924d-e946be1ff4e4,Yoshiko,Monteath,1.02,21
8b17665d-348b-498d-9f1f-c0bb82f1fc8d,Alexander,Tomaszek,3.68,56
2b45c6d1-27e5-4317-9404-ee43a6f6e422,Roana,Emberton,3.57,46
c6133ffa-978a-43d8-ba60-f499bbdaa8f5,Eyde,Vamplers,1.61,29
fe4da256-62b2-4abc-aa45-1ad3f7b9a065,Sonny,Youings,1.26,65
f3dab681-1d49-4760-8240-980ad44b9059,Trudey,Gennerich,3.28,54
9182db44-718a-4558-bff8-352027aae97d,Fernanda,Mulleary,3.58,59
66986f20-bbd4-41b0-8f11-52ea3c8cd392,Odelinda,Lumbley,2.67,59
e33358b4-ed15-4fdd-af3c-a706e8f601f7,Yolande,Cicero,3.95,28
7ea8ce20-3267-449e-b67e-9f68af196b87,Drusi,Mc Gaughey,1.37,20
93eddd77-e170-4eb6-88e1-bf5c7e3bbc63,Rene,East,1.97,59
448853ef-073e-4ede-8f5a-837767b3754a,Christal,Faldo,2.66,60
17cc23a6-8238-4625-804c-5feddecaca3c,Tildi,Barham,2.77,41
460f110e-9bcf-41f4-b5bf-3d538f3ff5e4,Graeme,Strudwick,3.35,28
7d09f7e9-2ff4-49bc-ac75-ba43f0f08957,Osbourne,Bradforth,3.73,32
a69de615-dc09-49d5-a287-c8afd5d2fb32,Dacy,Rabidge,2.13,57
f67cc08c-174a-46a7-b45f-8c2bb8ff2dcd,Lucilia,Chester,3.66,46
491c882a-41bc-449b-b423-bff170be9abc,Lesya,Caskie,2.32,37
fe73906f-3d42-42af-af34-389819ae5c2c,Farley,Garretts,1.64,58
75bc007b-e0d5-48f6-9609-ada56e5e6ec0,Natalina,Asel,1.13,19
faf6722e-c324-4964-9c42-8e9f254b1c88,Sim,Upham,3.81,63
05c931c1-81aa-46f1-a274-d04b1ad32dd1,Hillel,Kirtland,3.87,21
6a32c669-797c-4051-aab7-4451e0b5b6ab,Chiquia,MacCosto,2.47,18
7f994580-f17a-446f-afff-8d6994298775,Shayne,Lambertini,3.89,42
549764ec-acb8-479e-ad83-7e5017905a95,Olag,Brackley,2.28,49
7410eb8c-9642-4064-97e6-7586b53f8991,Stesha,Rigler,2.6,20
3abd8025-54cd-4484-9e7d-a53b67ac034c,Dyanne,Sneaker,3.01,34
9945aa79-cc39-4f82-b024-87a5e7d5bc21,Davy,Fermor,3.94,25
09793026-c851-4d37-909c-bab83ffdf321,Hi,Wainscoat,3.85,62
1b773c5d-0846-49c2-84a7-0b8d1470c390,Bernita,Aucoate,2.86,64
e2d36586-1fdd-4b90-a313-79851279ac23,Catherin,Heap,3.59,49
df9a96a4-b42d-4b48-9544-01d9a2f6e6ee,Jasun,Test,3.01,18
80276e3b-821b-40f6-b693-ca6007a58265,Gail,Giacomini,2.87,56
612ea1e8-a742-4872-b8a6-999c6c34e1b2,Karoly,Frankema,2.22,56
5051c0f4-fa8d-4378-bcc6-2100c83516f8,Leon,Ryton,1.51,36
0420ae67-7a1c-4ce5-8cba-b59855526dda,Olwen,Anster,2.19,52
8c3efd15-c640-4b75-9b4d-0776e5ef5958,Astrix,Struttman,2.39,59
4fc4d57d-78f2-4cb6-8b66-0b4e1bec4fb3,Prinz,Hansford,1.6,36
0d2c0f9c-c54f-411e-8f7d-6e70da5ebc3f,Krysta,Popeley,1.57,26
bc2f99ae-da56-4d78-9dc5-e3e42186bc53,Adrian,Coronado,3.27,43
c32530d5-a641-440c-abd1-676d2cb072f4,Danica,Todarini,2.58,27
a884ce98-f5cd-483b-bab0-fc37d623b516,Engracia,Gabbitus,2.03,19
545c3b81-9ed9-4cb2-a833-c140a230cb0b,Florencia,Orcott,1.29,39
2f78c9fe-d1ce-4af3-9206-9bdd2b9fc7b9,Ardelia,Bresman,3.38,35
e2f3b8fd-91b9-4ab2-9cf6-8997826f2cc3,Jaine,Bansal,3.04,45
304c3905-293d-40fa-89a3-4fe36226fadd,Allyce,Gingle,1.37,41
af21c24e-2577-4bd5-9520-1e64ecd46826,Kathleen,Luscombe,1.1,55
664a0fda-3f56-4d9e-adf9-b6f8581ea0d6,Mohandis,Tunaclift,1.77,24
cc858e1f-9733-464b-8fa1-532e011137c4,Hernando,Zammett,3.97,33
e3128b1d-7f10-47ca-b418-fe24eb5cb714,Ancell,Pietruschka,3.28,23
46d76c4d-2fc3-4bad-be68-6ab4171d92e2,Elton,Ninnoli,2.56,30
b794e83c-f91a-4d82-aada-57ddc78d0b3a,Nettie,McGirr,2.1,23
37ac88e1-99eb-43d9-8cf2-c1c0a8023e8f,Brandice,Joron,3.84,41
effdd701-ce3c-4a7b-ba3e-c3639a09efce,Kristoffer,Mundow,1.25,37
25614f45-187d-4401-9c55-632f8c504c1d,Hertha,Flintoffe,1.08,40
e059c755-17f2-415f-8a48-2134800ace25,Luz,Spoole,1.99,62
4f839d52-58fa-4fda-8f9c-658c0004f9cc,Farly,Gavrielly,1.35,65
446c9f16-1997-47d6-a899-e75c75a0d6c4,Benedicta,Skae,3.49,26
0b57f2a6-c6eb-42b1-823a-972424765c9c,Cos,Crosgrove,3.13,19
84bd1ba5-3822-4620-9be7-1d3233c91459,Wallache,Davidavidovics,1.42,44
d7bf511b-30f8-4a47-b0dc-38428035224e,Nedi,Du Plantier,3.73,46
9b469201-119c-49a7-96c0-cf7305d8833f,Willamina,Debow,3.8,30
3860a362-569e-4bf8-b641-92bb1b86d31e,Didi,Vallender,1.74,59
2d5f5b2a-3b43-4a5f-b918-ef966405d2e3,De witt,Krug,2.4,62
30b8441a-6e36-4bb2-9707-e7d5115870b2,Trstram,Pawle,2.65,38
913546d7-0fa1-4c8d-993b-ee26958f6fae,Sile,McKain,2.56,59
4c5db94f-424c-4792-8b34-b1c4f47f9e32,Katrinka,Dory,3.41,50
56ee3092-e676-49a3-998a-fc7eaefa1f8e,Riannon,Chadbourn,2.87,19
300ca1f2-099e-4642-853d-6917ecee2098,Margareta,Pilgram,3.09,65
b0db75ef-3e5a-45af-b045-e163d23247d6,Nevin,Madeley,1.28,20
a3fa9fda-7d19-4099-9794-fe295e4b775f,Casey,Curuclis,3.21,56
7f604323-bcd3-47a5-8d75-1c53b931c570,Alanna,Mufford,3.74,21
5acd5e2a-dedf-4b4a-86e1-c3cf946c0991,Leilah,Blaydon,1.88,38
ba6758ac-889a-48ac-945e-ed01b91fce21,Sayers,Betancourt,3.7,53
910069c3-f93e-42e5-bfc0-cab7b39f93a5,Thorny,Nares,3.78,41
fa1f6502-b155-4d63-8f3b-dd84bf3f1692,Jules,Schoenfisch,2.66,58
a21adc44-d9b8-4b45-aca5-3f6a732f5d1f,Gratia,Yockney,1.95,53
2fdd4de3-6b73-4197-8401-78e56251382d,Mari,Valente,2.42,31
36a46ace-9d0c-4fe6-8f4e-2b953a3327cf,Ardelle,Woltering,2.33,57
2ed960ed-6825-4c19-bcaf-37110aba28d6,Aaren,Galbreth,1.5,63
d52272a5-1a8d-4edc-84ae-2b7575b5a141,Terrie,Vasin,3.09,63
17fdfc53-a3a9-4033-beb6-8ccd339ed485,Lilith,Skade,3.85,53
c896ce0e-8f47-481b-8629-08f6d146e73b,Harley,Boot,1.42,31
6b4d668e-ec38-4549-9653-bd6e94fe31c7,Rycca,Upstell,1.72,56
b78a59c6-fac1-4a32-b35f-7397499d2864,Leopold,Mogford,3.83,40
07978f37-4cfd-4668-85e2-a5b9a8eda584,Feodora,Ewence,3.11,20
9ff13c72-8487-4bfb-90cf-6a17f3c23409,Darline,Antos,1.56,58
f686c0e3-989e-4c7a-bc7c-5f7748462dd5,Darb,Greenside,3.52,26
69bc1920-ef10-48b5-9ca6-706baaaaa7ee,Jasmin,Watterson,1.85,23
0ead496d-f422-4186-895c-156c05eea83e,Roxana,De Moreno,2.78,23
441c43d9-a90d-4a29-9c3e-6ad2dea4f1a5,Martin,Drinkel,2.87,26
2f2f95d5-0411-4360-87dc-156ebfadfc47,Cacilia,Ridett,3.38,50
e082037a-ca2f-41cf-b693-1c813d16a143,Etty,Maciejak,1.98,36
3225c77f-799f-49e0-a3a7-b4f38cf2b229,Ardene,Howton,1.05,50
1d76da22-f98d-471d-837a-b99cea2b6025,Cyril,Rens,2.78,42
b969af3f-519f-4570-9555-c12bfeb5412f,Abby,Dugue,2.9,58
b0f9225e-8e9e-45dd-8489-c5063d132680,Mathe,Heustace,1.89,26
02efe5bb-742e-48d3-b428-a4672cf7b964,Amii,Pearsall,2.75,25
406ea800-124b-4519-a6c8-f4d644006dfd,Wylma,Broadhurst,1.54,62
faec162e-8d17-4d29-9295-3d042b1bc39a,Jo ann,Bereford,1.3,54
d6939858-766c-48d9-bf7c-35b700378742,Meaghan,Lepick,2.1,64
ddab47f2-5543-498f-8bec-c25ed3b27965,Lilyan,Wooles,2.3,38
e588c383-7d55-474e-9f95-5438003fe279,Pia,Edghinn,2.02,24
edaab407-ec2a-4c75-9f9d-d8d69f47fe92,Janenna,Rickets,1.93,55
ff6e1f78-a86e-4728-ad22-88dc8ad05756,Dulcy,Martindale,2.42,57
59b3fdbb-6a95-4b93-94ef-6b53ce780285,Emery,Visco,2.91,23
b514eef1-5726-47f0-af17-3526f8878fa7,Betsy,Chippindale,3.94,31
e4152439-d42b-4956-b73a-d8d9a7a93185,Bruis,Gammack,2.12,47
d463790a-e303-4197-a7f7-30689bd5c6c4,Douglas,Bantick,2.21,32
7a6dea9d-06d6-444b-928c-c892dccc5e77,Birgitta,Gurnay,2.4,65
76f504ad-c3c5-4fe5-968c-6fcdd1b5963b,Carver,Novotna,2.91,29
a48d00dd-d5db-4215-9198-6a176b3aef70,Patten,McAteer,3.69,37
6190e346-5fcf-474d-bab2-57e860ec1259,Wilfred,Akett,1.5,44
61460e2a-3876-41a3-8620-ae0e51c0e19a,Archie,Pomfrey,2.64,54
fddb811c-6231-41c8-b214-04c386154528,Konstantin,Reeds,2.45,58
9c7b7258-f02b-4004-9647-61a8336c7f71,Sky,Foynes,3.38,27
9a06eadb-6650-4040-8006-a346cc29bac3,Erika,Tatterton,1.78,38
11dc8576-5220-4d50-982d-cbb8ab6c2309,Marsh,Pinnigar,1.49,26
91e810ca-b4ad-4335-a763-1e56793a2531,Eldin,June,1.37,30
613c1a63-b1bb-4fe8-b3ae-b929d69b5d44,Stafford,Kissock,1.04,29
5661305a-19ec-4794-b543-9cd999278cd7,Frances,Trenoweth,2.46,57
beb8bae2-3318-410c-85cd-a32f63235269,Jeanelle,McDavitt,1.02,47
26e58550-3e36-46a2-b181-a2362ea8663d,Lorri,Rutherforth,2.36,53
d2036f56-67e1-4b7a-a433-274226224442,Quincey,Krysztowczyk,1.16,65
8850e5a8-0e44-406d-b6a9-3b915418cd70,Courtnay,Shropshire,2.08,52
60f99282-60c6-4d41-bba5-2db6ee9e845c,Karlie,Blastock,3.23,58
b010dc07-3a9b-42f6-bd80-f3108803a21d,Neely,Tosspell,3.06,42
c65f4b53-a0c1-439d-a7e1-17c936d46a49,Cosmo,Doyle,3.17,23
da79d89e-8a85-42a5-b73e-240bef328f50,Almeda,Muff,2.13,18
09a93ba8-b7d7-4147-9755-e0690fb4ebb0,Stace,Crampton,1.31,35
0fe54338-b861-4333-835b-bdfa75620981,Madelle,Pester,1.26,24
32ad7536-c3d2-441b-8656-d3485ae93af6,Roxana,Baptiste,2.04,57
a3d94b28-19d5-48bc-8ab3-2bc77d02a702,Sylvia,Chessor,1.4,35
76bd087b-b2ea-4e00-a9c0-5be6b6fb91ed,Karola,Aleksandrov,2.94,18
cb57d5d9-ff48-4b9f-a7d7-f6966b233d42,Dore,Argo,3.7,45
2b1a5800-a22b-498a-9730-5be67b928a8f,Jeniffer,Morgue,1.32,51
1911111b-783a-4347-8e9f-c63efbfe6cb8,Sydney,Labadini,1.01,50
05879f49-b58e-42ab-897d-4e1300506996,Joby,Spensley,1.04,26
b074f370-c8e3-4784-88b5-5b8e10bcbece,Jedediah,Sieb,1.57,54
1023ef5a-a3c5-4d0f-aec8-a4a9cb120071,Yancey,Hirschmann,2.3,33
1bec39a5-8c6e-48dd-af88-a19eee64ea22,Waylon,Kibbe,3.44,25
21ad18ee-af8b-4b61-a942-3e8c3462982d,Bettye,Brookton,1.75,53
6a062505-f55e-4ee4-8a00-9aad0c8a6d0a,Yoko,Febvre,2.86,18
e73a4106-a184-40c6-901c-09414b81d7af,Bambie,Hofer,2.27,34
03975536-51a1-4727-a25e-b1d365025914,Nahum,Margram,3.33,63
d5c960e2-a3ff-4a65-8b56-e3539c9e274e,Byron,Hackney,3.77,57
36555048-44af-47dc-9e67-59f0b9ad8c94,Douglas,Oscroft,3.81,56
8e110e73-c030-426a-bd37-2245346f3a95,Terrill,Potte,2.86,32
6d92fab1-0d88-46cd-add2-2d9c0301e03a,Breanne,Aldus,3.69,35
d141acf5-9bb2-4d61-bd19-7d55589b687c,Henrietta,Baldazzi,3.28,36
88fbd8ac-7df5-4c06-aae4-380bed55ab63,Phillis,Melland,2.16,31
d13055a0-2575-4ed3-9a32-7d302aae4d88,Aurore,Meredith,2.97,28
2ee7139a-f22f-471c-921f-26749a76fa05,Benedicta,Hallgate,3.96,46
0aaf7e1b-b21c-4179-a1e1-fda418ca5799,Mick,Aspinal,3.74,65
49c556d9-d502-4995-92c2-6a63d1864b0f,Jamill,Bassano,1.58,25
8b63907e-04f7-4412-ad10-049f3b8dd858,Polly,Hadlington,1.93,53
640e56b5-41f3-4657-9abe-ec6d795c7819,Arlin,Skamell,1.67,36
11dbd9db-2e9b-4500-b584-c8b51a71258c,Jackelyn,Beet,1.91,49
09bd559d-c2b7-41bb-b9f9-94838d080161,Mayer,Halle,1.78,26
6747d0ee-9775-4c1b-8afa-e6814f5d3163,Vernor,Poor,3.84,19
f3ece32e-4443-4d08-a2eb-480dfbd81025,Verina,Cianni,2.34,34
ddf9773a-f54a-436a-b434-c35c89e3c51f,Aloin,Higgoe,2.9,26
3e0a4601-ab89-4c30-8e96-ccba1138f64a,Lara,Jefferd,1.48,56
014ece43-81e7-4bfd-9bc1-75efa2c000e4,Daniella,Cowperthwaite,3.43,56
55e00141-26db-412d-8f10-cc878ca0038f,Mead,Ruthven,3.6,32
1a4b3111-2f5b-406f-9c48-ac64bf7a1dcd,Leola,Abbiss,3.49,23
e009f8ed-23dd-471d-b693-f685eec31dfe,Etheline,Laraway,2.34,24
5b3211c4-d23b-46cb-b615-8f8fe6e160b2,Chandra,Annice,1.99,64
b7ec43f4-4610-4c30-a48e-8cb019b81886,Hermia,Chape,2.67,56
9a1c99b6-c7ef-4a23-9ebb-46e7f7697ab8,Alvin,Hanscombe,2.09,48
78fab9f7-a435-4626-a31f-b9f0ff7047fd,Martita,Blanchard,3.25,35
73e9bba5-1507-44fd-8cf3-3ea3c1035f73,Rabbi,Todeo,2.48,58
e311daaf-157b-420c-8831-5defa6ee4f47,Culver,Wilmut,2.23,27
dd2d14b1-40d0-4a4b-ba85-40878136c29d,Henderson,Cuesta,1.59,35
aa1f35d1-e934-457a-a6ec-c7167313780f,Xylia,Ferreres,3.88,61
a254f8bf-555a-4982-9843-a088eca23257,Roberto,Andrassy,1.34,44
8ffe50f9-e8ef-47ef-99f5-937e22720a17,Deane,Sansum,1.84,40
c9a8a29c-e9a9-4487-8eed-feb6e8d3c8ca,Brant,O'Spillane,3.29,26
0fc9822f-ab6a-4d35-a3c2-31537d488517,Barde,Bowling,2.92,56
28dce8ee-b181-449a-b6ad-9955ed0b7af8,Freddie,Dewdney,1.3,34
a2e53b68-42cb-4c19-bc43-fcf1e1b7af22,Isaiah,Aliberti,1.52,53
d710cae8-eca2-4099-9014-a3b4407824e9,Ally,Atack,3.36,35
a83ecca5-4d7f-45d6-bd6b-c647cef01960,Orton,Lansley,3.3,57
55d0403f-1226-44b6-95e5-30c41d317b39,Kristina,Keer,2.48,44
683b52bf-502b-4a26-9d26-75cafd1b2963,Bethina,Lukasik,3.97,53
6f8edd99-df97-4b6c-a0a4-1a0624054210,Carmelina,Frift,3.56,18
4ec7d1f4-d6f2-4614-927e-e41ca5cf0713,Appolonia,Wayne,2.88,19
27887c59-ca16-4796-b497-d57a0d7b33ab,Jillie,Cowell,1.35,45
d5f562a6-7c89-4eb6-8092-0d93258ca0e3,Lelia,Flemmich,1.44,46
6f14a5f7-d76b-4a6b-81ab-872c4be1d9a7,Mathian,Fairbanks,1.89,32
3632a0e8-f606-4774-bdf3-a92163ea67f1,Corine,Keele,1.36,29
cb5881f6-5df0-4d21-aa7d-4d958626553e,Irina,Dunridge,3.41,48
22e4324f-e330-4373-88f1-c16a74ef28ad,Calv,Wetherill,2.36,29
010cd5f6-b99f-49a6-a5f8-c194817d3a00,Margareta,Kelcher,2.25,31
3e3b396e-773e-4b8f-9063-7fa262dadd7a,Giustino,Liger,1.96,18
9dce989c-1b06-44c7-8c20-f36a62faf2dc,Scotty,Hessentaler,1.57,44
d31e0406-6d6a-4e90-9673-312018e94f2d,Pamelina,Willbraham,3.16,49
db1656c4-458f-4240-a107-1051b03d8e22,Graehme,Quinby,3.14,61
749235b6-7f54-4e37-84c7-9afa3d362bfa,Killian,Eamer,2.38,63
0eb38c78-5775-424c-a2f2-239e2c6f05a9,Krystle,Quinion,3.81,44
4b207989-1796-4908-a1b3-e541ed4dd549,Nicki,Hugnin,3.7,24
a8a9acd8-9a52-4712-94aa-0f1fbd29f429,Ingaborg,Mellon,3.77,23
e78491ff-b26b-4554-9014-d614c110ffc5,Eugen,McTavy,2.39,26
a2bebeb6-6883-4dde-899b-9d8321268623,Bailey,Crichten,3.85,20
55347d73-3cce-4ee6-808c-a5ed134a726f,Joelly,Shotboulte,2.64,63
9c46f20c-da6d-48a2-b1e9-d64b97bce2dc,Melicent,Tonna,2.26,29
6d9e0adc-1434-4347-aa6e-fe3d8e54ccca,Mickie,Cattemull,1.26,51
75c46cf4-5d48-4ee4-a595-4811e97bcac6,Sybyl,Estcot,3.76,22
37ebffcd-5fc2-4979-b955-a3db6b518568,Brooke,Marqyes,2.87,65
b53385b5-1929-4ff0-ae9a-41ccc241e80b,Joya,Larkby,1.9,49
979aaf95-d7b5-49a3-b870-42dead7e1ea8,Kain,Shepperd,1.27,53
235d7500-665f-44fd-bfb0-57ad4472c673,Michal,Kaplan,3.67,35
f7c5cdea-1835-4671-99ce-a46c1680276b,Gennifer,Bastow,2.29,40
6ae7db58-9465-4478-acb9-f540c47e8789,Angeli,Dillicate,3.23,30
5bf32b26-e362-49fd-a094-4c786ac19307,Barnebas,Vegas,2.58,35
bddd04e6-b81e-4f1b-86d9-e5b0641e0896,Anthe,Weins,2.87,34
13f5fd86-c65e-4c65-a1d5-632288498eaf,Zedekiah,Heild,3.12,32
5ef42ed7-2576-40aa-88ea-b5a57ea01e83,Natale,Levecque,2.99,30
336fac07-4fcd-4b04-a417-fe37995af965,Tonya,Hatry,3.32,56
c2b7d617-be4e-417e-8ee9-43184973e3e3,Kelsey,Kester,2.63,37
f62b098a-cd69-4bc8-b363-17d48b7c746e,Renard,Siccombe,2.61,30
6fa4ecd1-f028-4f91-b042-ed72e9cbf167,Claudia,MacCole,3.41,64
1b5d64b2-c5e0-41b0-bcea-6c3f48025116,Lucas,Magwood,1.44,53
1f782180-02cd-4108-897a-de5c5ded372f,Dacia,Abbet,2.09,54
f1d766d6-4e55-4b1c-bc64-da7bc53e0989,Allen,Callender,1.09,58
dc6e0ad8-e5ca-4b76-92ac-1d38a017f813,Annadiane,Docherty,2.48,46
ab19e0fe-7d62-4ca5-93d0-3195e8ea7db4,Abeu,Romagnosi,3.28,42
978b22cb-98d8-471b-a2a5-6065d6333ca8,Heindrick,Alastair,1.7,30
480d914a-b015-4cda-8b2f-84b7868fbcec,Conni,Maton,3.74,48
61326d40-c279-45ce-8ded-234f9713c84f,Nita,Element,1.86,57
0aa6f73c-0cb5-4dde-a654-d91a5760201e,Michail,Kuhle,1.92,36
54da1793-5538-48f9-bff0-1b373e259a7f,Ruddy,Poat,3.88,58
03fecc42-da0a-4220-bf50-8e40984c8ab5,George,Oxbe,2.25,56
95a72766-6cf0-4c8c-8e0c-63597c2c14e1,Ardisj,Brodeur,2.49,58
efa6388f-bdde-474a-a78c-83acf61edac4,Donnie,Draude,2.09,23
97093778-4571-4335-93dc-e4c1712fd34c,Amara,Vamplus,2.39,35
e7eee192-e0d5-4411-af7f-8635c64afc1f,Godfry,Stocks,2.47,33
891b35d7-739b-411b-accb-fa045df77e6c,Lorelle,Hasson,3.41,42
146ead16-0547-490d-8338-05ea599deb0d,Jenilee,Dabnor,3.97,59
642e0c9a-1e60-4a8e-bcb3-366bd501bdc9,Mitchell,Bamford,2.0,38
9fa472ef-fd31-43d7-9ca6-d668f01d4c79,Fancy,Lavall,3.4,22
a6c0acd3-285c-415c-9422-0de23511842a,Tibold,Gier,2.77,20
da85c26b-2530-4d2b-9562-cc4e9b392431,Fannie,Philipsson,1.48,25
259e4467-7af4-498c-8229-31bea36c9c56,Toby,Attoc,2.68,20
a188af43-68e8-43d4-b76d-bf6b19f12050,Jethro,McCorley,2.33,60
6aae23f1-ec50-4c3a-b61d-bd650cd1aea6,Christy,Fishpool,1.72,53
7f056834-4c10-4f28-9ba0-84ef35bf6f61,Gayel,Carlaw,3.02,59
3d99ab03-f633-4483-9b82-34bfe31b9878,Caddric,Neild,2.23,43
5bed5613-8021-49ef-836d-1ea7590bc900,Sadie,Peris,2.67,52
e539d747-cd87-4834-a3b1-92d575dd8437,Etan,Thomasen,1.63,44
9083cf4a-4a26-41ea-9ea7-298d912b41db,Hallie,Davidovsky,2.2,40
dd2bcd30-7672-45d5-a9dc-4291750d25bb,Milly,Horwell,2.8,24
79def453-abac-46c0-a246-730ad4a484e6,Andreana,Debenham,1.7,55
5a349e2f-7ee1-4a0c-8c62-1a4e4cd849c4,Uriel,Laverty,1.28,46
bd606975-dca9-4b8c-8e3b-3f35088ca87e,James,Bartosiak,2.31,39
fccd2dbb-400e-4988-bac6-1ae3046d4c3f,Morley,Berardt,2.92,28
123bfa06-21c8-4746-9869-7041596a5c8b,Bailey,Woodstock,2.92,56
79568566-10b8-4c64-9b5a-deeb47a9c4be,Mallissa,Rudman,2.58,47
b0d93a59-60da-4185-b5c3-f24e8140a60d,Raynard,Winscomb,3.81,57
52af7a24-d1da-4dde-bf54-55ef156ef9b0,Olenka,Nannoni,3.6,50
e5161305-70a0-42be-bda3-ce1c9be4ae4a,Cliff,Ferraretto,3.67,39
a745fb95-e700-4c7c-acbc-c54cf11a3e3f,Hunt,Bohike,1.04,44
be855466-2d83-445d-ab17-6e819ac9589b,Florian,Brick,1.44,49
9061e30b-f891-46cd-a187-3266f242eca3,Gino,Lipman,3.56,47
d9ffb0f2-9acd-4a5e-84f9-2b50b3ab7d6d,Neall,Saing,2.58,63
7c065c4e-6aef-4ab6-a828-24241e390135,Maisey,De Zamudio,1.52,42
69b1de79-79b6-44c2-93b2-ac9ed4db4967,Karie,Grugerr,2.72,30
9631cf5e-dc74-486d-b4b1-44b39e47a54a,Godfree,Whitford,2.9,26
ae381119-e946-4c27-a0b4-0a3a3064116d,Patsy,Crane,1.14,61
2679c342-c139-4bee-8a1d-94846075ba2a,Daffie,Restall,1.21,28
7ea51d6d-d37e-4e5f-a819-04b4ec0c126b,Boonie,Vaugham,3.93,39
a7dad011-0407-4bfa-8c1f-e859608e6469,Son,Estevez,2.74,20
393704ba-9b70-47a0-8d07-8cf41007aed3,Jeannie,Kinnett,1.19,20
c05eddf6-b6f4-4f62-9ee1-8eb95b7068fc,Donelle,Behrendsen,1.09,36
219a5647-ec49-4800-aa5d-64354f83f7e7,Dorene,Adess,1.82,55
60868cda-8281-4101-ac68-a70e1fa11bc1,Boyce,Rooney,3.45,24
ce2c5688-d563-4973-b73e-5ff060bbacdb,Latia,Di Bernardo,3.69,20
875cffe6-9e4a-438c-b069-f840bb44e433,Paige,Poulgreen,3.23,22
30d15ff0-3f18-45e1-a235-6945d32cbf21,Phillipe,Handasyde,2.72,37
101df8ea-579a-44af-80c9-42036769afae,Julie,John,1.88,50
892a5f59-0cd1-43b8-82ce-642a35b1db73,Konstantin,Izod,3.44,22
a13a6a94-3280-4d4b-9739-9d2f89b956c9,Alexandro,Pedracci,3.44,53
b3e9053e-a584-4a92-aa9a-b35572c70534,Daniel,Jacquemy,1.23,18
4c70a898-3ee1-4c60-b2f9-a5b5af37cb97,Jori,Gashion,1.07,58
0e8d9bb2-081d-4da2-ac59-5e835e652588,Teriann,Witherspoon,2.8,65
3ab2569d-4be0-4d3d-9e7c-12700b988ca1,Elsworth,MacClure,1.91,48
be53c84e-3ee2-49fd-a32a-9ed8d82b1b0b,Marcy,Tother,1.76,21
82631fae-b23e-4553-bf8b-1900c9518964,Aida,MacKeig,3.51,40
07790947-d758-4ea2-9c40-86023dc51dc9,Yul,Fishlock,2.35,24
8511fa8b-ce73-4406-8dd1-b3d8b9917eb6,Ilene,Simnett,3.68,62
fde650de-d3f1-47a3-a852-0f64cda08b1d,Giacomo,Lodge,3.21,48
b764d444-e6bd-47be-b664-54029b2414f3,Anett,De Few,2.87,39
aabfbfcd-9f9f-4d43-8ae7-cb296a0b541b,Merilyn,Couthard,1.35,21
1fcded89-b092-4276-8f7d-263f61d93bb4,Ali,McQuaid,2.38,35
c3725eca-b01d-4900-a9c5-dfe4921286da,Mathew,Carrick,1.43,57
ed0c640c-3680-4fa8-99c7-f823e3af0ba0,Loralie,Pinock,1.57,65
0f63d268-d3b6-4b23-bfc2-9af5f76b8ebc,Aeriela,Mateuszczyk,2.18,64
5f64a326-c303-4b8c-bac8-6bd56237c787,Allina,Pillman,3.63,25
84f8ce19-dcf7-4cd9-913a-8f2cff5b4ab1,Whitaker,Geertsen,2.3,33
e435a653-a6e7-454d-9e50-ab02cdebfe98,Dorie,Wheal,2.07,43
49325c21-73c6-4095-b19b-147ff22dc2df,Ferris,Brasener,3.4,25
88392773-38ed-46ff-a25f-253c40f729eb,Carlos,Clissold,1.84,25
59dd66ab-6c06-42e8-8402-8849c5b45ffc,Tamarah,Verlander,2.34,65
630d1d36-0cee-4244-b6af-1dc863c2de30,Clarance,Taylerson,3.79,53
72da3d1f-024a-4a6b-8a78-64ca487cb3a7,Cory,Mingaye,2.32,46
2fc73b19-cf2e-460e-a544-0584bf2d4f96,Anatola,Vasilmanov,3.97,60
2b587893-1982-471d-8283-a9b648342aab,Emanuel,Baldack,2.06,28
499c8b10-c579-4753-bcd1-55a8b338cd0b,Teador,Droghan,1.67,57
94cf3bbb-5f0b-4e23-8119-5065ca62d180,Andriana,Foddy,2.08,30
a8566e6e-758c-4df2-b5d0-bb1d36eb7d9c,Daven,Gumery,3.3,58
ad70888c-92ba-4601-9753-48de7d5368b5,Basile,Placstone,1.99,26
cd662fa7-6ba2-4fb7-994e-57907b67d9e3,Zarla,Sieghard,1.13,60
8222d335-9733-4fb7-abfe-09572494fd0a,Maren,Plesing,1.08,29
b4461b9a-e5f6-44f0-b8c5-f9569431c864,Kirsti,Stubs,3.97,28
5c557f85-f752-45fe-a9ed-772a8df12ce3,Patin,de Clerc,1.95,44
0f093efd-f88f-4fe1-9641-45e1df76c721,Clyde,Jelfs,3.07,37
02c72209-f660-4560-a596-db08a0cb9736,Ralph,Rosensaft,3.17,19
ec62c4bb-96fd-41df-9c02-ab80ecc794ab,Frannie,Aluard,3.92,59
56cb4fd0-4e34-4ff5-964a-c23d0b189d0b,Caria,De Mico,1.14,33
5fad933f-c37d-418b-aeb3-0e52dfe2cd3b,Collete,Suston,2.06,27
b0965b4a-9d5a-4974-8a14-210112ee5e13,Patrizia,Knappett,1.18,20
6b98595e-737a-40af-ac63-2eb237eb50c8,Cilka,Bea,1.76,65
790ccbf1-f279-405e-b6d7-050771fba81e,Toby,Seymour,3.85,22
39648e75-fded-42e0-8e1b-e2f8f9734e04,Luca,Tortoise,3.28,26
3c8149a4-a8fe-4e21-a6c9-ed6e98966fdc,Iggie,Piggens,2.66,26
919ab2c7-275c-4057-b5ca-dad8578f7048,Carleton,Pellew,2.32,35
478c4434-6dce-4a0d-b153-ead3d0205de7,Rickie,London,2.29,54
c837023d-f445-4119-a885-b6a836b70c35,Farlie,Browell,3.42,34
1b0a54c5-cb2e-49e6-8db6-d046172ae75a,Kathye,Fludder,1.82,35
3159cc5c-3a02-430e-b8d0-53023b5e95bf,Byrom,Lorryman,1.66,41
27cc6546-125a-4174-8c3e-53600fdc033b,Michelina,Nockells,1.3,22
d0733d0f-5d0f-4919-9517-f527525fbaad,Angela,Pinn,2.94,50
ba3607fe-05a7-4c01-86e2-2e61836ef9ff,Jdavie,Bird,1.91,19
93c21158-2972-4174-9d95-6ae538711761,Jaclin,Otteridge,3.96,61
8e630707-a758-488c-befe-f613d2918ce3,Ben,Avesque,1.21,28
08319569-8cc9-4914-ae2f-ac98aab2b19c,Georas,Calladine,1.38,18
7feab126-b99a-40ee-864e-7438a54c356e,Natale,Hosburn,2.84,45
b88cc1b3-3d12-4503-8129-4bf885616a0a,Archibald,Gavey,3.54,56
e4a032a6-ef3d-4c25-9389-888cba65f1f7,Curr,Gowler,3.29,37
c0f28005-3749-48ce-a7d3-3e65885d57c8,Cecily,Palley,3.55,44
5b15d740-d674-4f0b-8bfd-1347dda186e4,Flori,McAloren,2.15,55
ebf6e44c-522c-4fa3-bfb2-7a1fc51a53ba,Carley,Ivanusyev,3.45,21
cbcdff84-040b-4a1b-baa7-2e496cb0bc3d,Angelika,Davidavidovics,1.51,45
5198089b-98da-41ea-896c-566bcb2cdd70,Denny,Bartoszek,3.0,46
773e8122-d306-4b7c-aaac-ddcdd8411bbf,Donall,Bynert,3.61,24
22a6b2e9-28e5-420b-9135-e0acbe01c6e2,Kessiah,Giovannacci,2.94,35
6fc24104-b03b-43dc-ac20-32c0c3ab4e8e,Darline,Leggs,3.62,57
9e749b42-9a62-42ee-9f95-e309f780460e,Gav,Findley,2.86,65
11b28730-bf37-49ee-885e-3448b962d000,Cesar,Aireton,1.01,38
c0a35dd3-b7e4-4525-81d5-10b9f06b9c74,Sisile,Berryann,1.49,61
77e00997-3894-4ac1-a5ce-b42ca952ee75,Lira,Garcia,1.55,51
984a5f0d-0366-4048-87c2-5f3e8f73c1d4,Jefferey,Sleep,3.37,44
37e54d20-1b97-47ff-b739-d0112100db5f,Bent,Mathivon,3.49,31
8ed1e2ca-2714-4fb2-97f0-1e439755f799,Pandora,Gever,2.07,46
d8719146-72a7-4127-89a1-5b1428e54b8b,Nanice,Sandbrook,3.73,30
2b319644-21f7-42d6-95ed-e42f2e88304d,Bryanty,Jeannesson,3.85,52
cb69cced-1c24-41c0-9772-a0a649e9af1c,Clemens,Scourfield,1.39,20
13780044-dd02-4935-8f98-f328e739ba8d,Gard,Yannoni,3.77,45
06e520b5-5d4a-4460-bbec-1bb56c8dec6f,Rhodie,Kennet,2.15,23
7bdbd462-c637-4b35-892e-c07567c5c52d,Patsy,Habercham,3.09,42
6855c38e-478e-488d-95da-30f28baff587,Dacie,Hatchard,3.2,45
a56a1bb9-e822-40a1-9631-cad3979a1696,Gothart,Georgeot,1.88,51
11d59821-d5e4-4794-a7a5-7c03b8e9587a,Andre,Carefull,2.21,57
d5ab0ac3-0d0d-4da1-aee7-1cddac2c6d01,Rolfe,Rottenbury,1.24,34
e19e30ee-47a5-49db-8e1d-2964f0f0efe6,Aurora,Hornung,3.55,39
ac352c89-2cb6-43d4-ba08-b6f86036ce66,Clareta,Wissbey,2.31,24
b09fd2e1-e399-4964-abcf-279850725eeb,Sibylla,Chinery,2.72,27
00cdf9f9-b746-4f72-8e61-d5b7feb096bf,Marten,Hannam,2.2,36
cdf87bce-b923-4178-a24a-a42f9ff02fb9,Jaimie,Harnwell,3.86,42
d837a794-a147-4e19-abd9-57334184e176,Marguerite,McCluney,2.01,30
3221bbfc-e730-4916-8572-8bf9ad24507a,Cassi,Korting,2.68,43
732df920-c767-43a6-8f5b-1020e3413ddd,Lucky,Cham,3.34,21
db045b8b-27b4-4228-a918-e89d3a52510e,Rachelle,Officer,3.67,62
bf39f161-5d7c-4160-af9b-eda4f791cf4f,Ernesta,Eastmead,1.95,22
91dc6f76-dd5c-4894-a839-8b9adba13160,Fairlie,Giorio,3.84,23
bfab3572-0631-4745-9e8d-176a8b8d449c,Kermy,Streeting,2.98,53
79c193ed-3a0a-4013-b254-bf2678eadbf8,Gabbey,Birtchnell,3.81,58
74ae5b6b-8ac6-4d35-b2c2-be731449a0e5,Hilary,O'Crowley,3.38,59
bc18c710-eae5-4a5a-b965-704989c59dc2,Godfrey,Simonnin,3.39,39
5784880f-0fb7-4ae5-a8b1-89476c02b1e8,Jillana,Glasson,3.49,61
d684b7ec-2a92-4d54-8a35-b926a2a1f4c3,Nanete,Royste,1.38,35
ac56ac8e-d737-476b-af2f-b3d0ace65e50,Nicky,Mourant,3.87,34
fb8db31b-5414-4e72-84a1-e0fd8bc66c6f,Napoleon,Viall,3.03,57
cec09b05-61b3-4bc9-b598-dada9d047c64,Shaun,McNeil,3.76,63
b6bc6012-6936-4894-a474-453c2e535414,Morganne,McGonnell,2.69,32
d0dd4e2b-98d0-45dd-bfb6-52e7e6ad2463,Wit,Croston,2.57,40
bbc8aafa-6270-4a06-b907-e27ae0ba8a16,Chandler,Ullrich,1.58,48
3f006c07-7a5b-4889-b0a9-35eddd552d7f,Christi,Bentz,2.12,43
6a2aec2a-5b71-4ebc-b57e-2e7b9dfb17e5,Helga,Hullock,3.07,51
fa0f94b4-237e-4092-8208-278b878f8f22,Livvyy,Vann,3.52,18
28fe9ef5-a8a4-44ea-8460-ef0ee21c4fef,Drucie,Tarry,3.62,25
bab9c04d-869b-4178-9bd7-92ad6f5c87d0,Thatcher,Maris,2.34,25
345a469e-971f-49ee-aca6-7be7948d503f,Rafa,Peirson,3.94,20
db316aaa-d312-4004-8f29-4246870ea43e,Farlee,Klimp,1.83,51
94d88116-db22-479c-8d26-8923572582b1,Flem,Cordall,2.69,50
3d337bda-5caf-49f1-9853-cc94452ec8d5,Mollie,Rowledge,2.41,56
b9ac3da1-2c24-413f-8660-bf2befc81507,Wilhelmina,O'Ferris,3.53,59
1003f4ac-f685-4a56-b285-e862c5d6da26,Killian,Belison,3.14,29
c8f4fe3a-588e-4a07-837f-7053042fef9e,Krystyna,Fivey,3.43,61
ea239912-b85d-41b8-aaab-d14b68f3fc25,Ossie,Bande,2.11,24
b4ab5b69-0b2c-4a3d-a1bf-bef875121d7f,Briney,Geistbeck,3.47,35
3a556c02-a3d6-42cc-a3b8-fed9a089d1ff,Randene,Duguid,2.35,59
02783a94-74cc-435c-8fbf-4b5a3d359d32,Melesa,Pascoe,3.8,25
2ab3aeff-f297-42c7-8673-e3fe564d4ae9,Zorana,Prozescky,1.51,63
c9e689fd-bbe6-42f8-8a99-4c3eecffa565,Peta,Bewfield,2.28,30
3aed2d90-f59a-4ed8-8eba-9c3de2276770,Wynne,Sarre,1.51,57
9a3fbe7b-2907-479a-810d-70d361fed858,Scott,Shwenn,1.71,55
0618e8b7-b703-468b-b495-39f9e76c2ab6,Vernen,Tixier,3.32,41
ccc6f457-330a-46fe-bbaf-69306e13a97e,Tarah,Ripper,3.58,57
d9cb6000-1880-4117-ad7e-fe654fc45632,Lacie,Crannis,3.15,24
17817265-72c9-4540-afcc-c781d85089b4,Adaline,Liveing,1.55,65
9734415f-6a45-4eff-a7f9-9d5d77c67d05,Laurence,Soda,3.37,47
5cb2f678-aa34-4264-81a2-f074e0ec1586,Alleen,Bytheway,3.0,54
1e537718-8693-464b-8e06-714afb465c7e,Petey,Cotterell,3.47,34
f248c0c4-f8d1-4c40-991a-83a701f05e91,Analise,Strass,2.64,29
f8581b00-af03-4137-a2e0-1a3b8f7ae3fb,Jammie,Tuerena,2.88,45
c55d7568-d875-4de3-a927-3fac7ed6a5f0,Domeniga,Perotti,2.17,63
f1a2d5c9-afd3-4175-bc27-03573380caf6,Payton,Ovendon,3.53,31
975e3d61-4009-40cb-9e9d-5ac3e0d4c5f1,Catlin,Silcox,3.56,57
69c32663-28ac-4c09-8e24-6c6a42d3652e,Chickie,Yewen,3.32,38
e86ab6e9-aab4-4abd-9afc-ef44b26f901a,Jayme,Braddock,3.3,61
073d1143-c484-409d-9b12-ddc3244dab60,Shannen,Chelsom,1.19,38
764c32e4-22b1-4ee7-9467-4095abca13cf,Lillis,Ferreli,1.57,52
06a253c3-092b-49e6-81b3-3afc330832a1,Wanda,Isselee,2.34,39
9a3785fa-0776-410c-b45b-3174754d6ab4,Gabrielle,Norrey,3.06,55
91b5c9b9-113a-40f3-9c0d-2a64399189bd,Stormi,Conre,2.59,19
c9665180-1191-48c6-bf3a-fdb4042f6a86,Janek,Lavarack,2.87,38
3f9b7703-d5b0-49c6-bb9f-ecfc6624f043,Raina,Likly,1.26,27
6016b75d-82cb-46b3-8364-5485c363da2b,Veda,Copestick,2.33,36
5a885c81-7012-4d58-ba58-0761cb737deb,Garey,Ackenson,3.97,38
ea0cf626-5711-41d0-8356-a36983b6f8df,Ibrahim,Trattles,3.09,49
d29371a4-d34a-4f7b-9fb7-5a86697568ea,Annamaria,Kilbane,2.62,65
872f6421-8e9c-4125-acae-96acc165a689,Nancy,Thoresby,1.76,19
9c532c84-9469-434c-88d7-ee253cacfc85,Miltie,Spino,3.01,46
918955e0-e006-4835-9f31-a3cc4044743d,Walton,Murdy,1.83,22
fff375f3-64a5-43f2-a614-6fe8e6b5b379,Palm,Crunden,1.48,64
d5a7a365-ccf7-4c00-8a8b-10f7341ca527,Hank,McGourty,1.31,33
6e9fcd39-86a3-4d4a-9a0f-92dec1efa821,Rustie,Doolan,2.72,53
dbc85c1f-51b1-45c7-b866-f91ad214b89d,Ric,Whitelaw,3.2,56
d0cd6e1a-c493-448e-9382-5e34d7516154,Danica,Sturrock,2.65,59
88d6b34b-965b-4f08-b090-4d6219fedef5,Vyky,Fihelly,2.82,21
ae3741f5-b61b-4bfd-83c3-7157c53615cc,Jewell,Beal,2.61,31
35fd40de-8765-4c73-b35b-4e81ac44edbc,Wenda,Geal,1.49,33
3ede3ee5-2c23-4079-856f-7baea54489f2,Smith,Boldt,3.65,28
d65dd00e-4c1b-41e7-805c-952f0564899e,Stearne,Portugal,1.36,61
08d72eb6-1029-47d6-bf21-9fee13730898,Timotheus,Tuckwood,2.12,23
b7f64372-bc10-45cc-be39-15e06c322522,Hyatt,Breakey,2.98,18
1ade0e43-fb26-4696-b848-110f8d6f980d,Kendricks,Bottoner,3.57,25
fe99d759-7134-4dec-8af2-c2904b44203c,Meade,Catchpole,2.3,33
bfca51fe-871f-4436-b896-5642b37e94db,Romy,Gouth,3.73,42
e1e8e885-4a49-4634-94b6-aeb2614505af,Cristionna,Shane,2.86,58
7f91fc5f-b4bd-4d2c-b332-8be1858a90ab,Rhonda,Kencott,3.76,42
4bbb8e9c-fea5-458c-ad57-52283cd5895f,Perice,Lello,2.82,53
1c48b169-ed46-48d1-a15c-4225f6f26b29,Rosabel,Abbess,1.92,43
35c217e4-b5eb-4135-8c95-6e18f7d40444,Raffarty,Janeczek,2.57,44
daa4acf4-699c-4641-904c-fb8c9392135f,Natal,Siehard,3.04,64
ed4a3a99-d927-4e07-93dd-dd215b93c60f,Aveline,Souch,1.27,56
d7732263-0c1f-4a30-9585-3fea26ae3d5b,Zabrina,Towell,1.76,47
b9c4d8a9-c5f4-4172-b816-1b7f63375edb,Nancee,Dankersley,2.17,46
3642fb35-8511-4df4-82c2-e002718878fa,Nicko,Rylands,2.24,42
2b7f4105-27e3-48b2-b2fe-3864d17daedb,Dorette,Bugdall,2.54,55
d330414b-faac-4a5a-a27e-3f818cc66c13,Tessy,Affron,1.39,31
c5f99d16-78d2-46cd-9b02-87269b604799,Rodolphe,Meardon,2.84,53
282631a9-6c7b-407e-83b1-7951cdfc65f8,Birdie,Binge,3.28,42
24242063-1448-4d15-a5ae-7d0376794c9b,Cary,Dugan,2.77,47
9aa3c6b7-ce8e-4b3a-8cd6-4d5f33144c23,Waylen,Copner,1.12,32
ca7a4eda-1c8a-493a-9645-4b27437f1aff,Hartley,Piotrowski,3.39,18
b3048685-441f-433d-ab06-4d759353c07d,Dody,Wrenn,2.01,34
1d2e7215-9b5a-4565-b272-7f6b95f9158f,Tierney,Macartney,2.13,18
b81121d1-a72a-4aaa-a483-157f487d1dbb,Carma,Moye,3.0,42
6c6744ab-c96f-470e-9b3e-59e6c9536ce4,Toinette,Brittles,1.22,55
ada06582-b478-46ab-8ef8-64f2211134be,Miriam,Olesen,3.52,24
cfca1da4-3851-4bd2-9684-fbf7406c1585,Lenna,Spellworth,1.11,37
0aadd3b9-cab6-40d1-a5b7-1a8721e1a3a4,Spencer,Wanklin,3.96,26
5ed3a62c-e9ea-4c51-aa67-eaacf684e779,Niccolo,Tomasoni,3.26,48
9440ab8a-dfa7-4476-a458-0af06c825ad9,Chandra,Santoro,1.64,58
0d08ab38-672c-449e-a586-04ffbfa60d7c,Diane-marie,Munkton,2.55,54
a76d21a0-6240-416b-b7d3-a526347acbb2,Baron,Dyde,3.8,43
ba7633a0-437f-4a93-9077-f8825549d0d0,Nanon,O'Hannigan,3.67,51
e075f4dd-29da-4e1b-841c-4aba7709e270,Ginger,Gianni,3.54,46
1b33b1d5-4c26-4dc6-9729-15a6bda51764,Belita,Bartkiewicz,2.5,36
b96628fc-344f-4ea2-ac9c-5003fe0995d6,Nettle,Gorioli,2.85,65
3e60176e-e41f-4e8b-98a8-ec656a20ac5f,Marquita,Hawken,3.55,60
dddd369c-9222-4878-8ff2-cbe6fd3e99a3,Marin,Evennett,3.48,47
ea143515-bfa7-4271-b121-861034a23ada,Gawen,Farndell,2.95,49
9526cc29-cf07-409e-a7d2-21f76bd6fa70,Jon,Mosco,2.71,22
c64d2989-52b0-487a-b4fe-efdb0ac66489,Vail,Desesquelle,3.39,50
5b8c6007-3c9a-4dfb-a825-981c17bb416b,Guendolen,Floch,2.08,48
f7787125-c18b-48a6-a851-e3c68343095a,Eadie,Bernadot,3.35,54
1fe77fab-3804-4caf-8e98-ddce4692cd5e,Bruis,Lean,1.27,54
892605f3-0cf0-43c3-910d-fc2b3b634014,Aylmer,Godfery,3.92,43
5cff19ea-6328-4472-8f62-82937b96ecfa,Murial,Gwinnett,2.75,62
67877fee-077f-4f2d-b7c5-8f8a75c7da76,Theresa,McNutt,1.91,52
eed0f401-466a-451d-99f3-af161b5ba536,Marge,Willoughey,3.85,38
f754c0e7-66a8-4310-81eb-176f23223fef,Angie,Acock,3.54,55
67295601-de99-4ce7-b5e1-d95edc7801a2,Kristoffer,Berndtssen,1.69,65
fd074395-e9a4-433c-8a63-5242615aeb5d,Ethelred,Innerstone,1.97,27
4a04e4c5-4663-459d-982f-724853932d6f,Corey,Scraggs,1.68,44
dd69fa86-d8a0-42e3-99b1-d42075a71e21,Leonanie,Lund,3.86,49
f7136acb-175a-4fa9-9e2e-01d90de20664,Oswell,Yarker,1.96,51
b8c1747d-6bb1-45d9-bd81-bbc5a7159a99,Rhody,Guierre,3.21,35
273d5b45-ec4d-47ca-a585-fa56db6f1b26,Hyacinth,Durker,2.96,56
d3861b83-674f-474c-a4ba-e6ed3cf0453f,Millicent,Kleinholz,3.43,23
0f69cc4d-3205-47c7-a881-bc429fe3142e,Jereme,Bome,1.98,36
2b0e548f-5f27-47d7-8d90-de891ae01e77,Kellen,Pistol,1.64,29
c4e02b8e-93ed-4d4f-b7ab-e5e8193632e3,Theodora,Bourget,1.84,30
7d789d01-ba2c-4e57-8527-a4a6b766ae43,Alfie,Callard,3.56,23
442fe18a-fe32-4ae1-b965-7b2463b9b633,Truda,Birkenshaw,3.84,27
04d3542d-5583-47db-8009-e0848daa1c08,Heriberto,Mulliss,3.56,45
e225025b-fe45-4fd5-be20-cd84e68ea895,Barbey,Clooney,3.82,33
32125be2-08b5-45e4-b65f-17bb9a6d5543,Lorilee,Lauxmann,2.6,59
7905f9d8-5c0c-4976-b18c-98beddba5fa1,Gavra,L'Episcopi,3.47,47
1f8158c1-7c44-406e-ab8a-ec8c05b538a7,Annabel,Slides,3.26,45
7331c286-6511-4d44-80bb-b37eb5ea9e4c,Denyse,McCart,2.72,26
0b6b4cf5-b7cd-4135-b03f-3cde99d00b63,Jazmin,Mougeot,1.74,43
048c5f10-3d3b-4e72-a842-5ea79c04f144,Harland,O'Fihillie,3.32,47
92408d88-6b77-4b31-a8c5-5892ad56831a,Roxy,McAllester,3.37,46
ba01e08d-4c3c-49c2-a3db-01355cf67189,Gay,Kleen,1.55,57
5565fa55-8502-402d-bd3d-773451e3bfee,Walton,Kondratenya,1.95,55
f55d9daf-596a-45b3-befa-937522d577e4,Ario,Lovemore,3.77,33
9ca65348-ba0a-4f7b-9a33-e3903daca615,Bunni,Swalough,3.01,32
d8187085-e579-483a-bedf-ebf8781a671b,Arron,Pole,3.15,58
e9dc9f0e-11e0-49ea-933d-ea5774da80ca,Harrietta,Conkey,2.69,24
705ad628-e60d-48e7-92fa-d628d2a407cf,Tracy,Hickford,1.47,21
475aa0ca-f691-494a-a4fb-ee70380e7144,Trever,Mallett,2.5,55
ebe90e4b-c6c0-40cb-ba26-88698852642c,Isac,Snelgrove,2.2,51
ef65e61f-e03a-4a3f-a148-9e1bfeb299b3,Jessie,Gyorffy,2.14,36
eda85ed1-f272-4d6c-8a4e-b342d074117d,Faunie,Axup,2.99,24
f907d603-06f6-4762-8ff2-5116d5da68a3,Miof mela,Hanhardt,2.39,39
3b02c665-4f97-49d4-91ac-a03eff0a1f6c,Claudianus,Yearnes,3.25,18
828c96c4-e54b-4684-8925-e1404349afb0,Raviv,MacAleese,3.96,41
b86343c8-7cff-4c79-a267-fd1c810e1f49,Dolores,Clapston,1.8,58
c548f5e0-1779-487f-9803-997281542436,Theodoric,Goscar,2.01,54
63d68e28-355e-4ce3-8ddc-454dd4330013,Temp,Caw,2.44,56
8a95afbd-f3ff-49fe-bbcc-ab4470b3f2b8,Isahella,Alsina,1.49,53
be3f8ef3-f2df-44f7-abc9-0cead363edec,Hugues,Franckton,1.35,35
0be24fbe-71be-4314-a4a7-5ed19b17e020,Nonie,MacLeod,3.37,31
741252aa-f4ec-4ee8-9000-c9649b904e00,Meaghan,Chesher,2.8,61
f21b4e1c-86bb-4b5c-b1a9-b4d7ed384953,Shela,Breslauer,2.53,20
bb89a34e-23fe-4982-bd7a-1ed56c9c8012,Tommy,Bouts,1.41,51
52d51066-3017-4c3d-b3b7-7ec89393b97a,Gillian,Glanz,2.9,57
ab50319c-0edb-4482-822f-3924d2f4b660,Saree,Ubsdell,3.87,34
0a7fccfe-736a-4fcd-a94f-bd209eaf3439,Upton,Schole,1.51,61
aa115b9f-e1e3-4f23-9ba6-70477f12d93f,Dex,Edmead,1.75,49
c1724b0e-0107-49ef-89e8-5089fe10f144,Dode,Jozaitis,3.28,21
ba73bd95-2091-47b8-a66c-c19bafec9281,Tuesday,Beazey,2.32,34
8a65fcde-491c-44a2-ab3e-c715fd399697,Tristam,Tregaskis,2.32,44
3675e437-623a-44d9-80b9-3f2687b475bb,Krispin,Treasure,1.5,23
f1af4b37-5c93-42fd-9428-a84fddcca44e,Alica,Vivians,1.03,29
ac85a436-2a85-4098-8cf4-6110403ff1c3,Irvine,Krzyzanowski,1.48,60
a7149c6b-e025-4c5f-b73d-7991d03914f0,Murielle,Viccars,1.32,18
e6470d97-2423-45e1-a520-929958cf24fc,Rivi,Deplacido,2.89,20
4c3a4094-454a-4831-8fc7-c3f7d414c5bc,Trudey,Huerta,1.31,20
7b08a165-c6b7-491c-b6fc-1d6aa6abd1f4,Raymond,Chetwin,1.08,44
40204913-5ab2-45d8-9082-ded988753faa,Skelly,Scrowson,2.82,20
79162ede-82d0-4887-b070-fa9926b27a78,Henrietta,Duker,1.74,21
8f037ab9-d601-459b-931b-ba48335c90e2,Adolph,Whear,1.7,59
ad80abb7-11d2-4b35-aaef-be1eaeb6bbad,Nolie,Phalp,3.11,30
c607a8a4-ccb5-456b-9e15-eabe3d9fefa1,Freddy,Pudsall,2.28,52
26aa9b98-268d-4afd-8141-fbd719278848,Filippo,Canaan,1.24,46
39c51bc0-01b3-4f98-9e1e-955189983569,Pearl,Callaway,1.69,23
5dc4eba5-38c2-4166-962e-d8371426a63e,Theda,Blumer,2.76,39
e4dfadd5-a704-49d4-80a3-97cce67f28dc,Sanders,Torregiani,2.8,48
c599a7a8-f91d-4d27-9881-d49a86aa9b20,Frankie,Almeida,1.14,31
cc3039b5-2c5b-42bb-a59d-17ad07ff436f,Consuelo,Degan,2.73,65
1aa87ba8-9ead-4bc0-bf5d-02446b9359bd,Inessa,Carlo,1.8,47
24c2deb8-c577-4f6c-ac9d-559d4c29ce61,Laryssa,Jacketts,1.1,56
9b213a52-3b6c-4562-83bf-ce3d948d6844,Renault,Bebis,2.03,57
c191115e-89ad-4ab8-bcfe-0dfac7d413a0,Ema,Redler,3.34,38
8b858ccd-dfc5-48c8-85ee-48f3dcf81ee5,Myrle,Coward,3.49,56
4559eb50-50b6-4ea7-99f1-a31ba50dc7a9,Leslie,Jennings,2.58,65
2de07b05-ef11-49b9-8e6f-c853229e2059,Calv,Jepps,2.19,42
527e877e-118e-41d7-892a-ae6e63e2ffe1,Rossie,Liddy,1.73,24
1a34375f-9b1c-4e7d-89e9-1dd2752838ff,Paolo,Pitchers,2.01,19
d86735ee-c28c-4adc-8bb8-607a621f09c0,Kaye,Chapellow,3.71,20
194e2413-6b93-44db-b152-c06c59fa5c4e,Jaimie,Duxbarry,3.82,56
4015ae08-2dfe-4389-aaf3-f644b507d3fd,Merrel,Halfhide,3.01,45
8e206eb4-199b-4c85-bc9b-274b0c0f0d4b,Emalia,Suston,3.61,55
06d6c4d0-fb13-4c7b-bd1d-19c32c5754ae,Davy,Rowlands,3.3,23
03971f92-44a1-47e2-98e7-ef3577dd6883,Amery,Bengal,1.33,29
08a7afee-adeb-4086-817b-9168687250c4,Paco,Skone,3.17,45
b5a2a426-09cd-42f2-8113-035e1a805f74,Vlad,Diviny,3.1,19
b98f9b15-c5d8-4ece-8050-de5084b0e8cb,Caria,Munby,2.01,61
4577e746-3c21-45bf-b3ed-d054538e406a,Elliott,Crockett,1.64,31
567f4366-a04d-4635-bbdb-c3850a12c196,Cosimo,Mulvy,1.71,57
2b14b500-67ec-4073-806b-0915cabc7baa,Emelina,Tebbet,1.97,40
7f92bcbc-c3f0-49c3-a079-ac7e985457b8,Laverne,Mickleburgh,1.18,59
05a4c200-ec1a-40b2-bb1a-e584f83172a3,Nicol,Barrie,2.28,28
f73496d8-d605-4654-a443-340f4fb38303,Jeffry,Janczewski,2.2,52
b9083c62-55fd-4799-ba17-1a55aba55ed2,Nappy,Garrity,2.76,33
15ecd3df-d033-464e-bcd3-20618e546b3d,Patric,Blumire,2.76,43
df8fedda-9f1b-42a2-a98d-3ca4462ac37e,Blanche,Lung,2.97,42
91af3367-2810-4900-b4fa-ec5bf162bebf,Ursulina,Marjoribanks,3.96,35
26d72f08-b033-408f-b4eb-62aa3ba03d09,Davie,Burdoun,1.33,45
4d315ded-8b03-4f63-9a07-15fb0df43226,Cornie,Paley,2.15,50
5493c8e6-8781-446b-b1cf-b0ab21580e8c,Johan,Lombard,3.53,29
41ab7b64-03b0-44a2-84bb-cbad2097a614,Mamie,Titford,2.86,50
3d9f7166-c3ba-4f09-a30e-fc2a0995e035,Bernie,Wakeman,1.23,24
3d89f144-871f-440a-97d6-8ec9649377ec,Stephana,Meace,1.23,28
13d132bf-d295-4f66-ad54-c3ee14a2d9ee,Rowan,Norgate,2.35,26
05bd7bd9-a869-41cf-93de-18035a0b8538,Bard,Pibsworth,3.99,40
d85da1e3-a9e6-4dc6-a63c-bc8a3ad4a9ba,Torin,Eim,2.03,52
46473b4c-99e6-4ffa-baa6-b1338137b8ea,Kilian,Matic,1.18,19
0a412059-b3c9-45d7-bfb6-0051c77109f4,Marrilee,Brosetti,1.01,42
4752bfe3-c894-4ac5-bf33-50d33da02903,Sherill,McAllaster,3.03,40
17b3819d-937e-4cbb-baa9-cdf9d16807d7,Marjie,Clark,2.93,36
872db7d8-9a46-4b5e-96f4-8799364782b7,Clarice,Antoniazzi,1.51,41
5cb5cdba-1eb7-41cf-b7c1-38b0431d3e53,Fernandina,Lacoste,3.51,59
18e340da-6ebc-4d99-b34e-46c343dbd893,Karney,Etherson,3.56,48
852f13e1-a96e-4297-b722-a11f33de3966,Arlene,Westerman,2.73,25
a79c67e5-5161-4aac-89da-3e3e1db7eaad,Sena,St Angel,3.77,24
877674a0-47f2-4ad8-b0af-10bac719a9ff,Wang,Joyson,3.72,50
45a350df-3d54-4252-b3f0-882d888c061c,Dionis,Flanigan,3.82,25
2c4d68a7-5ba3-40e6-b32c-3258501b5f70,Phebe,Lukas,2.88,50
d11b0d07-23fb-4a28-b273-5ae56ed512c3,Wolfgang,Gue,1.17,40
9f1d5c97-1529-4408-abb9-875d1466d7cb,Darnall,Stefanovic,1.41,23
76e5e975-1ea6-41fd-b8cf-5bcb6c05d566,Morganne,Ech,1.51,21
c30629c6-588a-452a-885d-d942537b6223,Bail,Rakes,3.72,35
ee0b1a6e-d224-47b7-9ab4-e16cd7ad4c4c,Millisent,Barnwall,2.73,38
9a3a9a31-d3b3-44c6-bab2-518c32d90c22,Inger,Anders,1.8,44
7a7fe060-6a46-4c35-86b9-6ad5faed6efe,Rahal,Clayton,3.81,18
e385cd4f-273d-4eae-b59d-9244e2df971d,Caroljean,Andric,3.07,50
0946deae-7621-41b8-b14b-cabb343ee0a9,Wendall,Sibborn,1.4,51
3d86a15a-5eac-4e55-bde4-533a58779998,Florencia,Rowth,3.38,63
629ed532-e81c-43d1-b01d-8a06caab4c74,Kincaid,Dowker,1.74,54
ef20fd68-1d1c-4cdc-aa75-3348d148c09e,Brannon,Ellard,3.12,60
bae31a6d-2cbd-4046-a5ba-484244dc3255,Bartolomeo,Gatcliff,3.89,35
e14fb7ae-156c-478c-8601-0b5065c77773,Conny,Brehault,1.59,28
92d46011-fb11-4190-91e7-956efb0509a5,Conchita,Mishow,2.27,63
f7b42877-7b8b-407c-86cb-567ab5bb66da,Genevra,Baus,3.32,50
3579d0db-4ea7-445b-b488-12727cc608ad,Mallory,Shambrook,3.62,51
4451d65e-7b4d-4a0d-a933-415138d5177d,Diarmid,Purdie,3.73,25
8dedcad1-d121-4b9c-85c8-ef449e83d316,Rorke,Faivre,1.45,63
b8888418-1416-432a-b5a4-094e22210f68,Vin,Drake,2.73,30
9aa053d6-4a67-45dd-8007-7ae0af94ed36,Margot,Hawkett,1.53,33
5ec158be-db50-4f4d-9492-5c7d34ae29cd,Lee,Greatbach,2.75,54
f1d7ad2c-4b87-4d92-9296-e6114965c0b3,Molli,Gribbell,3.11,20
d459597a-6235-4c73-a4ee-f83c4f4221c1,Peyter,Gircke,1.6,43
b6624c09-8665-4414-86b3-5f78c512234d,Roanne,Perrelli,2.52,29
57a9deb8-4d0d-4248-8474-06dbba516507,Tomas,Shickle,1.84,20
ca5dfeef-d689-4cb4-9e9e-30050fb3e8e9,Elissa,Pallasch,1.27,55
72a9389a-006f-436c-ae3d-2d95c1411824,Suzi,Pietrowski,2.9,57
3028bdb6-45a8-4433-b57b-084221ae2d12,Innis,McCorley,2.48,38
dc83802e-393b-450c-9708-89f975a790b5,Jillana,Linger,3.38,44
23cedf91-d38f-44d4-af80-a1d64af0328a,Nataline,Vequaud,2.23,23
e426604d-bae4-4e3e-80b9-eb7ecb8e9300,Sergeant,Langhorne,3.96,51
c12fa0d1-a55a-41cc-ba94-cdf6c9dcdc0d,Enos,Minithorpe,2.16,39
cda263aa-e6ff-4344-b2ab-26e172c26ec4,Alyce,Behn,3.93,62
1dbb2e6c-a563-4e84-a600-08ca948a8315,Bernelle,Coucher,2.6,59
ba40be09-4bcd-4d4f-9b8a-c5bf22d95f58,Louisette,Odney,1.73,60
fe285a26-d1d3-4e40-ba1e-2cc33513407f,Brandy,Kos,1.41,64
c6282e62-c364-4da4-a7b5-79bab65c48f4,Weber,Roberson,3.46,26
4745dc56-8d40-4608-b9e7-29b3338dc705,Annadiana,Tizzard,3.77,44
6fb222c0-0f37-4773-ac8a-724d7ecb075f,Sheridan,Feaviour,1.8,57
a2ee6ce7-99e4-4592-9a44-7fddcbe685d5,Margo,Kiossel,3.17,36
cb5c12af-7348-48df-bcce-3487190cc7df,Normie,Agate,1.13,40
6fb77e2e-cf72-4864-aa18-41c403aafd32,Hillary,Arnaudet,1.65,45
2ab6e793-7aff-4f4a-8cd7-aab774651f67,Sunshine,Darycott,3.58,54
0f3e092c-a38b-4fea-b91d-3e4894301e4e,Gregor,Wetheril,3.78,43
c638781c-cc1f-4595-b73e-405727c01820,Cora,Partington,2.23,27
ccd0aeb2-fb88-4b74-9c1e-04f5410b261a,Jarvis,McIlraith,2.1,39
558a44b0-8969-4bd4-b211-b55416ab0753,Irma,Bool,2.82,54
e64b46e3-3fd2-4ae7-b6cf-ff66b732f2b1,Emmalynn,Beaglehole,3.51,23
2abe1a15-8e37-4ebe-a5b7-68492d9cfd8e,Ferd,Arnold,3.09,26
f76ec040-d32f-4a61-a9fe-c45a70cdb65c,Catha,Davidowich,1.14,40
cf168c07-b11c-4d83-a825-2e3beb81ed86,Quentin,Weavill,1.21,53
4a87ec93-2476-44de-874b-99c97fbd0d9a,Sonnnie,Bedome,1.67,61
09825f47-8d69-4bee-a229-aa86bd623ed8,Carlynne,Smythin,2.6,49
dfcb6837-245b-4afc-ab71-4bf39faa8620,Cosimo,Darrigoe,2.01,20
cbd69377-1436-46d4-9386-9d5b921cc0d1,Melonie,Slyde,1.98,26
5bd7290e-262e-4410-a64c-5e0bf485a47e,Adelina,Woltering,1.19,65
331f2e32-71c4-4533-a10f-134a16e8aaa3,Luca,Aronowitz,2.73,64
8bfea130-4892-4b96-840c-2f55eca3ccfb,Westley,Venditto,3.07,18
85b21bec-9892-4035-90fb-9f3fe329c70d,Craggy,Wycliffe,3.8,27
15b75db3-070a-44c6-9bf0-a453fe103872,Willey,Southerden,1.12,27
a8809eec-3c67-45aa-baca-11728f3e590f,Joshia,Niave,1.64,34
edcc0f7d-ced2-4046-8fc3-8cdd7d524379,Nikos,Espinola,3.34,21
d5abb755-3a6d-46bb-a785-d42f46e72f4c,Vassily,Tuberfield,3.28,65
283096b0-b9f4-4385-8f70-0730cb694964,Joete,Manuel,1.27,58
a13979a8-076d-4976-9a6a-654ed0c52450,Tabbatha,Dilkes,2.76,58
a3e7cc33-7735-4796-b428-9d94039837ef,Mandel,Deviney,3.1,47
cd803327-328b-48d4-b0b5-258f60496251,Nicolle,Lowth,2.65,51
550623b6-2816-468d-8750-a4003e560b3d,Marthe,Lere,2.29,34
65e93523-5224-4428-8300-738d93925f85,Clary,Ricard,3.7,54
273ffab1-d032-4bff-abaf-db4813e66271,Griselda,Colbourn,2.91,64
ecf6f3de-2ec9-45db-98f0-8c56e1653781,Verna,Smeaton,1.22,52
77ab2683-68d6-45e1-9618-82a119f708ab,Joice,Mcwhinney,1.47,45
25cb0f35-2127-4f8d-95e6-18d81f960925,Claire,Clover,1.72,21
2dad1723-9336-4e66-8fc6-a4b76b03ab42,Lauren,Laidel,1.86,19
461565e3-743d-4476-b459-834b2200643d,Morse,Bamlett,1.19,36
0072ad61-1e20-4090-ac40-60d88ba8034d,Abbe,Hundey,1.11,24
271c52bc-5380-4569-9cf5-1b260e35dbc6,Klara,Galbraeth,2.18,49
c51f8160-eff2-4d99-aeae-322d07855f13,Emmy,Cleaton,1.38,50
7edfb1a2-f022-4589-a7ea-3b1c291dc458,Paten,Laxston,2.42,45
d5d67fb6-79cd-4cbc-a073-4b4078bd7dc3,Orv,Spivey,3.61,28
c534b392-a54b-439d-bb95-51347e4a716f,Kirstin,Groves,2.45,54
8bb280d3-a3bb-405e-8c83-f771c0cb1a80,Lanny,Yarnton,2.66,22
b0165aff-d244-4e8c-8229-a325a0f14b15,Roby,Hiley,3.02,28
8cc3bf98-0eb2-4ffe-84db-9d14c51ef13b,Allis,Bewley,1.16,24
22cb23a7-0b70-44bb-9186-9b209b99cf7d,Lynne,Yorke,2.4,61
402c015a-18de-464e-a620-a33aad34c9e2,Jerrilyn,Attenbarrow,3.01,59
c3cab6d5-6116-47e3-b486-f55fd9d3d2c9,Jervis,McNee,2.95,41
41fbc610-6c21-4b7a-aa8f-a84429401435,Fan,Ziemens,1.33,54
2b8800bc-0809-4e0c-b8ca-ae13d69e8b7a,Fred,Lampard,3.83,34
da6ccd1f-2235-4c81-9135-f59432c83cc3,Corissa,Hawkshaw,3.82,45
96c07eeb-f52e-4674-b1d9-ab63a9cf5d4a,Aarika,Hargroves,3.05,19
31eccbc3-1d5b-4aa6-9db8-a180ae8c3e33,Ford,Bristo,1.34,54
44041db0-9ad9-49a1-953b-bd5b1d109fa1,Desiri,Oles,1.87,18
29f65a30-9a09-49af-881b-063529252180,Jill,Meeke,1.31,34
9cc1e0a8-7250-44b6-86f7-acfe90975d07,Wilt,McSaul,2.77,57
9922eca0-9bb3-44b2-bf79-a3970e0a5589,Ambrosius,De Ruggiero,1.28,49
76cabb35-63a3-4057-8700-94321b40d5fe,Edvard,Kaszper,2.24,57
bd2b9d54-24df-4791-b86e-4877e7bde7a0,Rakel,Jarmain,1.19,63
809b52dc-afb0-401c-ae9d-4c5e7ffa7536,Herschel,Nyssen,1.09,37
5282a63e-fde2-4e7e-b12e-16c128ddd86e,Lazare,Coombes,1.7,56
e1ab2bac-8706-46c1-bed4-be73666b4a09,Kamillah,Canniffe,2.14,45
6547040e-20a4-4a8c-9833-b5108b5801c2,Tracee,Webberley,1.12,34
123f8bfd-1f1e-4228-a63b-4e6e5a05c830,Lyndsey,Filon,1.39,23
04152392-0e64-458d-87cb-26c53323e109,Rolph,Dalgarno,3.2,35
32136a25-189d-4959-ba54-7d5db532f779,Donnie,Fernihough,3.67,21
63e48939-2276-4268-9948-766de8cc2127,Janaya,Bultitude,1.75,55
5faeb09d-9768-42a3-9594-7f43bccfca31,Bear,Chrishop,2.0,64
dfae36c4-cf89-44e1-a907-ca0c41fff95b,Page,Antonelli,3.6,59
5d15aadb-ad91-4bee-8e77-919fa081201f,Barbie,Hawkswood,1.53,49
800ae89e-2ee7-4697-b00a-3dc5884ba19b,Jennine,Vurley,1.9,27
bc1553d4-f101-4998-8287-836f58578d42,Irwin,Koop,3.75,41
4221685b-6776-4ab4-a9e1-a9c01b131bb5,Juli,Sangwine,3.06,65
8b18b0ac-6eac-42ad-993a-b5c27d89b10a,Thedric,Gheorghe,2.74,27
62f5c0e9-5b93-40a4-b64b-d6e35a9c6399,Mose,Rainer,2.25,51
4971e4af-2c4f-4645-9569-08f800c4c6b2,Arlee,Meates,2.14,33
e7d796e0-d0a1-4ab5-9033-152cbbbfd7d7,Merrel,McNeigh,2.58,37
ec0893fa-92e1-40db-b8c8-9cfe235d54b1,Tucker,Seville,2.03,30
87eaefce-edfb-4681-98e8-e51aa3218056,Bonni,Busek,1.7,20
15ff1d80-2ce4-4112-afa5-6bb735627587,Jamill,Seedhouse,2.37,42
912afbd2-a87f-4427-b090-d63491e71cb8,Caldwell,Calltone,3.15,45
736e4fa8-65ee-4458-a688-4e70dcd4c374,Man,Abrehart,1.45,42
4bdc8065-c427-4c87-853f-3f5b8eae942f,Randy,Shelsher,3.68,47
fa4ee68b-4657-4a25-a5a2-fd7b928a1be7,Berkeley,Inger,3.52,27
309c02b9-f501-4279-9d47-da9ad2724758,Ario,Cauldfield,4.0,40
d06506cb-df9d-46f4-8c00-344e9fd80dfe,Quincey,Tetford,2.93,37
5fab9251-f8bc-4474-bbdf-6730dcc53e30,Trude,Wilshaw,3.41,51
046a1b87-ce0f-40de-ba53-6d15744ec40b,Baird,Curwen,3.81,20
6e4af2ca-1899-4b05-8203-c5e00343a5ae,Brockie,Dugall,2.59,29
89476f20-374a-4af6-9a42-15c986b0a641,Thaxter,Scarse,2.55,42
518e3359-0d04-43fc-90a9-5d321b27f7f2,Louisette,Karp,3.93,58
7ff337d8-347d-4389-96f6-e8e898c9c73a,Jemmie,Rockey,1.06,39
8bf782bf-ba82-4632-9edc-feb73e180e4f,Pete,Dan,1.86,64
1982bdec-9175-4e09-bb3d-1f7bf8d4b02d,Karyn,Sunners,1.7,25
9b7b69b5-beea-4806-8dcb-5d708d274a9f,Yovonnda,Whitney,2.04,50
ccd4fefa-a243-437f-991b-cde84f463525,Fredric,Bentz,2.01,54
4352988b-9294-4998-a86d-a0bc265679c2,Gage,Gallo,1.35,57
e7a13846-284a-4900-a6e4-97d3128644b2,Bron,Walbrun,2.52,18
9646601b-1930-40e5-9975-5fe4453dd584,Adler,MacEveley,2.8,56
137c1564-c541-4098-a5c5-40aa8772509a,Mirelle,Linley,1.89,42
a14e7345-fc4f-4b37-a90e-ed9b4fc419f2,Burty,Limpricht,1.39,44
c7fc3e5e-44e0-46d9-8e96-b21cb472d3f8,Bar,Consadine,3.29,27
39843a38-6f94-4f5c-8d16-0378b218c503,Sena,Simkovich,2.54,39
114ad838-bdf8-43f7-aaa2-5c73b827479a,Shayna,O'Hingerty,1.13,55
874e3b69-e1e7-4f29-8dd9-6025168c7ca3,Hobart,Pember,1.05,64
abb9257d-5799-458c-a502-87f0b0d71344,Appolonia,Sallarie,1.25,56
30c7363e-eaf0-4ee7-b247-420218536651,Zilvia,Karppi,1.85,26
bd54ab6c-7ceb-4f76-98ac-2fc35cc2cfcf,Latashia,Matis,3.4,63
0a6d11e2-91c3-47ab-887c-5e5e6cc51c9e,Janene,Marczyk,3.57,27
2262fcb4-ffc0-4ffd-bf01-4cd6f390033b,Suellen,Tipling,3.4,26
e8b150c0-3460-42f4-a6cd-a6342e58f952,Den,Ochiltree,3.25,47
ebff49ed-5547-402a-9e2b-e9d78ca5c523,Emilie,Bloxsome,2.43,58
6e52639e-c422-4b84-a8d2-9792d930bc7b,Bax,Scammell,1.74,24
f53e6f0c-ebec-4262-9a3f-34baddfc02b7,Diena,Conlon,1.25,53
8f2e55e7-eb20-4eb8-939b-e748eb72fd5a,Georgie,Few,2.31,58
fffb44bf-f7c1-400f-b550-7defc35f283b,Walther,Sobtka,1.59,49
8fa4292b-db05-44da-a048-a81d9b69c6f1,Evvy,Fidelli,3.91,37
200f84e4-d716-49b1-8337-a2fa2ba38709,Waverly,Diament,3.58,22
ce1dd756-fbd0-41de-9e1c-8beba37481b3,Georgeanne,MacKonochie,2.14,65
227badd6-7723-41ad-9dde-dadf5dc61324,Mavis,Rosenbusch,3.45,20
5a3b1fa6-7644-46c7-92b1-225534e91024,Andonis,Dyson,3.86,62
5f9fb792-1d14-4b32-8c0b-f2dbfa731b1f,Thorny,Elnough,1.65,37
6cb29ddc-5090-40ce-9e50-1a16c8f013c8,Briggs,Brickett,2.28,25
689d7e1a-4435-473b-b33f-72b6e1cba2b8,Susann,Cant,3.41,35
344f4d79-add5-46de-bf66-7521d4dd1579,Mada,Thurbon,2.17,26
dbe68c3a-34ea-4831-a78b-292faaf0947a,Augy,Greggor,2.16,65
c202b531-96b6-4031-b0bd-ecf57f55b220,Gwenora,Tyson,1.48,35
43612a78-41e7-4c21-a040-dcd1c5f459a2,Glenn,Parncutt,2.01,64
51e6afaa-a79a-42d7-8174-207b3814bee4,Dwain,Whate,3.48,37
b59b278c-b6f6-47f9-8f7d-805add7cdcbd,Morry,Gove,2.13,25
dd33d490-d762-4ef4-8008-bb169216b881,Jean,Cruxton,3.32,57
0bbde13f-b69a-4ed7-bc7e-a84227f2e8c9,Roda,Gounin,3.07,20
651f729f-695b-4133-9c9d-ec4dcf726845,Wash,Tingcomb,2.34,30
89ffe810-2e9a-4df3-b9fe-9fb77772a7e1,Mollee,Buffham,3.7,41
8fbc6c4d-4bf7-4eba-b3d1-b92db2c2430a,Ferdinand,Rowlinson,1.47,30
9d357f76-3fa1-4722-a936-fea1bc59c4e5,Tess,Peers,1.13,38
d280dd98-51c0-43b2-ac00-60ced9fcd907,Jori,Bleythin,2.38,49
6be6b363-4897-4c50-814b-d76b331fb6f4,Maynard,Stow,1.11,65
98936790-ffe8-4e62-949b-6290a2ca4eb0,Denice,Boyington,2.39,28
9e2cc8ec-f6bb-452e-bf26-e2639ac1aa62,Katti,Wiggans,3.5,34
93f62def-22fc-43c8-93f0-d651014336eb,Delcine,Lyddy,3.95,59
3cd2da91-2ee0-4133-8d43-7c33a8da0b00,Darcie,Marthen,3.79,64
fa25a3b2-453e-4c90-985d-d9afbeceb9e0,Arlen,Tordiffe,1.86,41
efaaae86-45e8-44fc-a30a-76e52ef1aeb3,Sally,Danzelman,2.89,54
7342e946-f8c5-4e0a-aa14-1df8670e4883,Doralyn,Dingle,2.12,44
6db4e1a0-35c4-40c8-9ac7-4a89b38e879b,Ernestus,Tapsell,3.67,32
41ad65fb-2a2b-43d6-b89b-14159de2d135,Peggie,Rust,1.9,39
98e0c51a-9d3e-47b6-9ef3-0d1336c80b47,Lonni,Petett,2.4,60
ab199e8e-0e0d-4700-97bd-62bfcb084861,Gwendolyn,Lathaye,2.09,38
f9d04d3a-187c-4d41-99dc-05d0dbe55997,Clea,Fetherston,1.82,20
0df433c5-aa80-4846-a8be-dd128a1a5400,Tomkin,Whife,2.94,23
d18ce1ed-3457-4f2c-ae82-5b339b7b8b43,Cordula,Semble,3.54,47
974b058f-6fa0-42f8-8e00-d8fbfae76762,Dwayne,Surgey,2.38,32
f25d28b3-e39f-4c00-91a7-f84002e88329,Carmella,Creech,1.77,27
2ceed8fb-9744-41cc-ae07-7443ef31cab7,Selia,Aron,1.59,34
eac7f751-82d8-4c41-a3f9-803f2e1684ad,Godard,Dugood,1.37,19
3f7a6189-fcee-4e88-bed1-e80c0789ad34,Marley,Toopin,1.53,22
98b9919f-0b5c-4b30-8063-703ce1a3906d,Bank,Birkin,2.38,38
77752252-ef40-4134-81e0-11e7da713856,Kristofor,Labuschagne,2.86,38
97ca60c8-9f4d-4170-ba7a-a5fe4313fb83,Katrina,Joiris,2.56,62
5e37cdd9-689f-4e6e-ac62-a2e4fd71e4a3,Dimitry,Gately,1.37,38
03b83837-7c2d-4b43-a5a9-2de38e74479d,Brandtr,Pittam,1.39,20
cf2df8fe-b4d2-4932-9a0f-ab05ae02ab47,Brear,Seth,1.04,60
b6100934-3ba7-4e81-9bad-643401634800,Bee,Clousley,3.59,35
103bffc5-b490-4d52-b56c-31acdb9b377b,Brod,Duckit,2.19,33
8106f8e3-7790-4897-91d8-2f312632f48a,Keenan,Yurevich,2.69,22
b4979627-153a-42d8-9ffd-6a69fde71a2a,Giacobo,Dewicke,3.73,57
c515ef44-a07c-45ea-9348-069d39a8a70a,Timmi,Lingwood,3.32,31
f9566f8d-a063-4168-87f4-d60bd9d3b989,Arny,Lippitt,1.46,37
de2db4f7-7a02-42f8-9ac9-1854e62ec9b8,Evangelia,Hucknall,1.72,53
aa72010c-5fac-482c-a1ac-084c72162024,Vinnie,Rides,3.52,47
a99932c7-fcf5-4e52-b965-486877c49cc2,Eberto,Osgodby,2.5,42
54b38c76-acaa-4351-b911-a711c82df3aa,Erny,Lavington,2.25,20
32a633dd-55f3-4839-855b-14ea8f74d871,Constance,McConnulty,2.5,41
4cd04abd-d8cf-4bf6-be6e-262a22235501,Byrann,Clee,2.92,22
d8ed46e2-cd0f-4b85-a560-2db2a10cb30b,Gillan,O' Cloney,1.86,32
abff5bfb-ea36-46e6-ba1b-eec7314571a0,Jarid,Passman,1.53,40
d60bd42c-3720-4c80-9512-bfe799d2a9de,Emlynne,Tuffin,2.86,51
1c64499c-5a64-4f90-9b1e-58282fe39028,Meghan,Iashvili,2.5,19
00d9a13a-1272-4d67-a889-4b4344cd5e34,Hermione,Gyurko,1.67,54
3f25a5c3-1841-48ea-a779-6c369eb74260,Toby,Brownfield,2.2,63
8d23d123-3201-4bf8-a6c3-7a475dee9c30,Hilliary,Tookey,3.65,38
d6b4d9cd-7c56-4134-b4a5-1fa80e72532e,Carleton,Bank,2.44,28
5cec5eac-d1b0-4b73-9bac-4e9f5ab6dc69,Lynne,Staveley,2.5,59
b244f9d9-6c92-4bad-badf-067580fc6fad,Marketa,Volkers,3.34,55
36c55c59-97fa-4c32-9b33-c71d60d303d4,Damiano,Swigger,1.87,28
a10e2f3f-6e1c-440d-a214-9a5337eeb853,Larissa,De Witt,3.8,23
4eff3990-3b85-4d7b-aa2b-f0bba44d39ac,Ilario,Heinssen,2.06,27
3deb44fd-c68b-4930-8984-309df0f4420a,Beverlee,Tammadge,1.03,20
094dc269-a434-4e53-879e-0a41dde17580,Simeon,Sneesbie,1.98,44
ce4ebfc5-d197-4262-a0b6-97a18e45fe03,Morganne,Boulger,1.79,46
39fa0728-6cd6-4049-a9c0-ec76217b6d4b,Brok,Merryfield,2.01,54
